{"chunk_definitions":[{"row":20,"row_count":1,"visible":true,"expansion_state":0,"options":{"engine":"r","label":"unnamed-chunk-11"},"document_id":"8BDAB444","chunk_id":"c23l8nbf3np2h","chunk_label":"unnamed-chunk-1"},{"row":28,"row_count":1,"visible":true,"expansion_state":0,"options":{"engine":"r","label":"unnamed-chunk-13"},"document_id":"8BDAB444","chunk_id":"c3wfgki6hkopj","chunk_label":"unnamed-chunk-2"},{"row":49,"row_count":1,"visible":true,"expansion_state":0,"options":{"engine":"r","label":"unnamed-chunk-14"},"document_id":"8BDAB444","chunk_id":"cc1bq7nfqi5ll","chunk_label":"unnamed-chunk-3"},{"row":59,"row_count":1,"visible":true,"expansion_state":0,"options":{"engine":"r","label":"unnamed-chunk-15"},"document_id":"8BDAB444","chunk_id":"cyr52pbjaun5f","chunk_label":"unnamed-chunk-4"},{"row":65,"row_count":1,"visible":true,"expansion_state":0,"options":{"engine":"r","label":"unnamed-chunk-16"},"document_id":"8BDAB444","chunk_id":"cd914g7qrrj2o","chunk_label":"unnamed-chunk-5"},{"row":73,"row_count":1,"visible":true,"expansion_state":0,"options":{"engine":"r","label":"unnamed-chunk-17"},"document_id":"8BDAB444","chunk_id":"c2ynqlkna7ljg","chunk_label":"unnamed-chunk-6"},{"row":78,"row_count":1,"visible":true,"expansion_state":0,"options":{"engine":"r","label":"unnamed-chunk-18"},"document_id":"8BDAB444","chunk_id":"c8ann8bzr7007","chunk_label":"unnamed-chunk-7"},{"row":86,"row_count":1,"visible":true,"expansion_state":0,"options":{"engine":"r","label":"unnamed-chunk-19"},"document_id":"8BDAB444","chunk_id":"cl6drklv959zf","chunk_label":"unnamed-chunk-8"},{"row":97,"row_count":1,"visible":true,"expansion_state":0,"options":{"engine":"r","label":"unnamed-chunk-20"},"document_id":"8BDAB444","chunk_id":"cqsbhqie3vd0q","chunk_label":"unnamed-chunk-9"},{"row":106,"row_count":1,"visible":true,"expansion_state":0,"options":{"engine":"r","label":"unnamed-chunk-21"},"document_id":"8BDAB444","chunk_id":"cihu32v5q6mhd","chunk_label":"unnamed-chunk-10"},{"row":118,"row_count":1,"visible":true,"expansion_state":0,"options":{"engine":"r","label":"unnamed-chunk-22"},"document_id":"8BDAB444","chunk_id":"cpmdm6jqxxc2u","chunk_label":"unnamed-chunk-11"},{"row":136,"row_count":1,"visible":true,"expansion_state":0,"options":{"engine":"r","label":"unnamed-chunk-23"},"document_id":"8BDAB444","chunk_id":"c4cis0ktdx0ry","chunk_label":"unnamed-chunk-12"},{"row":144,"row_count":1,"visible":true,"expansion_state":0,"options":{"engine":"r","label":"unnamed-chunk-24"},"document_id":"8BDAB444","chunk_id":"c2x43n5sz1zbg","chunk_label":"unnamed-chunk-13"},{"row":151,"row_count":1,"visible":true,"expansion_state":0,"options":{"engine":"r","label":"unnamed-chunk-25"},"document_id":"8BDAB444","chunk_id":"c8msph831yfoh","chunk_label":"unnamed-chunk-14"},{"row":160,"row_count":1,"visible":true,"expansion_state":0,"options":{"engine":"r","label":"unnamed-chunk-26"},"document_id":"8BDAB444","chunk_id":"c5ih96ag80yfx","chunk_label":"unnamed-chunk-15"},{"row":178,"row_count":1,"visible":true,"expansion_state":0,"options":{"engine":"r","label":"unnamed-chunk-27"},"document_id":"8BDAB444","chunk_id":"cjyc2ij3cy6l3","chunk_label":"unnamed-chunk-16"},{"row":194,"row_count":1,"visible":true,"expansion_state":0,"options":{"engine":"r","label":"unnamed-chunk-28"},"document_id":"8BDAB444","chunk_id":"c0ivwns7ikx2m","chunk_label":"unnamed-chunk-18"},{"row":209,"row_count":1,"visible":true,"expansion_state":0,"options":{"engine":"r","label":"unnamed-chunk-29"},"document_id":"35FE9CBE","chunk_id":"cip6e6g5j3nkg","chunk_label":"unnamed-chunk-19"},{"row":216,"row_count":1,"visible":true,"expansion_state":0,"options":{"engine":"r","label":"unnamed-chunk-30"},"document_id":"35FE9CBE","chunk_id":"ct1ov7kzq09tn","chunk_label":"unnamed-chunk-20"},{"row":229,"row_count":1,"visible":true,"expansion_state":0,"options":{"engine":"r","label":"unnamed-chunk-31"},"document_id":"35FE9CBE","chunk_id":"cu4pr7s1s6bqy","chunk_label":"unnamed-chunk-21"},{"row":240,"row_count":1,"visible":true,"expansion_state":0,"options":{"engine":"r","label":"unnamed-chunk-32"},"document_id":"35FE9CBE","chunk_id":"cjz6jz683vqnh","chunk_label":"unnamed-chunk-22"},{"row":252,"row_count":1,"visible":true,"expansion_state":0,"options":{"engine":"r","label":"unnamed-chunk-33"},"document_id":"35FE9CBE","chunk_id":"cexk5zf2o2uld","chunk_label":"unnamed-chunk-23"},{"row":266,"row_count":1,"visible":true,"expansion_state":0,"options":{"engine":"r","label":"unnamed-chunk-34"},"document_id":"35FE9CBE","chunk_id":"cani1s31wd700","chunk_label":"unnamed-chunk-24"},{"row":278,"row_count":1,"visible":true,"expansion_state":0,"options":{"engine":"r","label":"unnamed-chunk-38"},"document_id":"35FE9CBE","chunk_id":"colalhtahi2ke","chunk_label":"unnamed-chunk-25"},{"row":319,"row_count":1,"visible":true,"expansion_state":0,"options":{"engine":"r","label":"unnamed-chunk-50"},"document_id":"35FE9CBE","chunk_id":"cktyi3to8u3nm","chunk_label":"unnamed-chunk-26"}],"doc_write_time":1641996915}