{"chunk_definitions":[{"row":11,"row_count":1,"visible":true,"expansion_state":0,"options":{"engine":"r","label":"setup","include":false},"document_id":"32A15AB7","chunk_id":"csetup_chunk","chunk_label":"setup"},{"row":27,"row_count":1,"visible":true,"expansion_state":0,"options":{"engine":"r","echo":false,"out.width":"800px","label":"unnamed-chunk-42"},"document_id":"32A15AB7","chunk_id":"cqfpwvmmm21wu","chunk_label":"unnamed-chunk-1"},{"row":102,"row_count":1,"visible":true,"expansion_state":0,"options":{"engine":"r","label":"unnamed-chunk-43"},"document_id":"32A15AB7","chunk_id":"cjzux8685k0ow","chunk_label":"unnamed-chunk-3"},{"row":133,"row_count":1,"visible":true,"expansion_state":0,"options":{"engine":"r","echo":false,"label":"unnamed-chunk-44"},"document_id":"32A15AB7","chunk_id":"c1wkncx010bfi","chunk_label":"unnamed-chunk-4"},{"row":161,"row_count":1,"visible":true,"expansion_state":0,"options":{"engine":"r","echo":false,"label":"unnamed-chunk-45"},"document_id":"32A15AB7","chunk_id":"cmamivx54gjgu","chunk_label":"unnamed-chunk-5"}],"doc_write_time":1727110513}