"0","lprop(tab,total = T)"
"1","       "
"1"," D'accord"
"1"," Pas d'accord"
"1"," Total"
"1","
1995-98"
"1","  70.9   "
"1","  29.1       "
"1"," 100.0"
"1","
2017-20"
"1","  66.7   "
"1","  33.3       "
"1"," 100.0"
"1","
All    "
"1","  68.8   "
"1","  31.2       "
"1"," 100.0"
"1","
"
"0","# Test"
"0","mod<-chisq.test(tab)"
"0","mod"
"1","
"
"1","	Pearson's Chi-squared test with Yates' continuity correction"
"1","
"
"1","
"
"1","data:  "
"1",""
"1","tab"
"1",""
"1","
"
"1","X-squared = 6.9912, df = 1, p-value = 0.008191"
"1","
"
"1","
"
"0","# Graphique"
"0","note<-paste(""Chi2 = "",round(mod$statistic,2),"
"0","            "", d.l. = "",mod$parameter,"
"0","            "", p = "",round(mod$p.value,4))"
"0","plot(tab,"
"0","     col=c(""red"",""blue""),"
"0","     main=""Evolution de l'opinion sur la priorité aux hommes"","
"0","     sub=note)"
"0",""
