{"chunk_definitions":[{"row":38,"row_count":1,"visible":true,"expansion_state":0,"options":{"engine":"r","label":"setup","include":false},"document_id":"CCC74CBB","chunk_id":"csetup_chunk","chunk_label":"setup"},{"row":54,"row_count":1,"visible":true,"expansion_state":0,"options":{"engine":"r","label":"tableau"},"document_id":"CCC74CBB","chunk_id":"cin3cb0t2k6c3","chunk_label":"tableau"},{"row":61,"row_count":1,"visible":true,"expansion_state":0,"options":{"engine":"r","fig.width":6,"fig.height":4,"label":"unnamed-chunk-76"},"document_id":"CCC74CBB","chunk_id":"c0z2gtmse9hgo","chunk_label":"unnamed-chunk-1"},{"row":82,"row_count":1,"visible":true,"expansion_state":0,"options":{"engine":"r","label":"unnamed-chunk-77"},"document_id":"CCC74CBB","chunk_id":"c334a6kp8bj46","chunk_label":"unnamed-chunk-2"},{"row":90,"row_count":1,"visible":true,"expansion_state":0,"options":{"engine":"r","fig.width":4,"fig.height":3,"label":"unnamed-chunk-78"},"document_id":"CCC74CBB","chunk_id":"c2wcx3l6ei000","chunk_label":"unnamed-chunk-3"},{"row":97,"row_count":1,"visible":true,"expansion_state":0,"options":{"engine":"r","fig.width":4,"fig.height":3,"label":"unnamed-chunk-79"},"document_id":"CCC74CBB","chunk_id":"crmxvt0kql17l","chunk_label":"unnamed-chunk-4"},{"row":111,"row_count":1,"visible":true,"expansion_state":0,"options":{"engine":"r","fig.width":7,"fig.height":4,"label":"unnamed-chunk-80"},"document_id":"CCC74CBB","chunk_id":"ci7okgdqui99a","chunk_label":"unnamed-chunk-5"},{"row":120,"row_count":1,"visible":true,"expansion_state":0,"options":{"engine":"r","label":"unnamed-chunk-81"},"document_id":"CCC74CBB","chunk_id":"cncngwxew722m","chunk_label":"unnamed-chunk-6"},{"row":138,"row_count":1,"visible":true,"expansion_state":0,"options":{"engine":"r","fig.width":8,"label":"unnamed-chunk-96"},"document_id":"CCC74CBB","chunk_id":"cr82ochfhslup","chunk_label":"unnamed-chunk-7"},{"row":161,"row_count":1,"visible":true,"expansion_state":0,"options":{"engine":"r","results":"asis","label":"unnamed-chunk-102"},"document_id":"CCC74CBB","chunk_id":"cjpn88xhssfcf","chunk_label":"unnamed-chunk-9"},{"row":177,"row_count":1,"visible":true,"expansion_state":0,"options":{"engine":"r","label":"unnamed-chunk-130"},"document_id":"CCC74CBB","chunk_id":"cuocekwm1darj","chunk_label":"unnamed-chunk-10"},{"row":188,"row_count":1,"visible":true,"expansion_state":0,"options":{"engine":"r","label":"unnamed-chunk-131"},"document_id":"CCC74CBB","chunk_id":"cflo147fxgs8m","chunk_label":"unnamed-chunk-11"}],"doc_write_time":1700496029,"chunk_rendered_width":551,"working_dir":null,"default_chunk_options":{"echo":false,"warning":false,"message":false,"tidy":false}}