{"chunk_definitions":[{"row":10,"row_count":1,"visible":true,"expansion_state":0,"options":{"engine":"r","label":"setup","include":false},"document_id":"41EB6672","chunk_id":"csetup_chunk","chunk_label":"setup"},{"row":36,"row_count":1,"visible":true,"expansion_state":0,"options":{"engine":"r","label":"unnamed-chunk-2"},"document_id":"41EB6672","chunk_id":"c3xh568pqrfpc","chunk_label":"unnamed-chunk-1"},{"row":60,"row_count":1,"visible":true,"expansion_state":0,"options":{"engine":"r","label":"unnamed-chunk-3"},"document_id":"41EB6672","chunk_id":"c0le0dei6ekuk","chunk_label":"unnamed-chunk-2"},{"row":71,"row_count":1,"visible":true,"expansion_state":0,"options":{"engine":"r","label":"unnamed-chunk-4"},"document_id":"41EB6672","chunk_id":"co9xgr2zohgef","chunk_label":"unnamed-chunk-3"},{"row":83,"row_count":1,"visible":true,"expansion_state":0,"options":{"engine":"r","label":"unnamed-chunk-5"},"document_id":"41EB6672","chunk_id":"cg2bmulzx0a4t","chunk_label":"unnamed-chunk-4"},{"row":91,"row_count":1,"visible":true,"expansion_state":0,"options":{"engine":"r","label":"unnamed-chunk-6"},"document_id":"41EB6672","chunk_id":"c0wm948dnrn27","chunk_label":"unnamed-chunk-5"},{"row":100,"row_count":1,"visible":true,"expansion_state":0,"options":{"engine":"r","label":"unnamed-chunk-7"},"document_id":"41EB6672","chunk_id":"cvfihc8cgmvgq","chunk_label":"unnamed-chunk-6"},{"row":107,"row_count":1,"visible":true,"expansion_state":0,"options":{"engine":"r","label":"unnamed-chunk-8"},"document_id":"41EB6672","chunk_id":"cenlk4zqc3g10","chunk_label":"unnamed-chunk-7"},{"row":117,"row_count":1,"visible":true,"expansion_state":0,"options":{"engine":"r","label":"unnamed-chunk-9"},"document_id":"41EB6672","chunk_id":"ctu46yjhmeoo1","chunk_label":"unnamed-chunk-8"},{"row":127,"row_count":1,"visible":true,"expansion_state":0,"options":{"engine":"r","label":"unnamed-chunk-10"},"document_id":"41EB6672","chunk_id":"c6gvjqtsy0pyr","chunk_label":"unnamed-chunk-9"},{"row":140,"row_count":1,"visible":true,"expansion_state":0,"options":{"engine":"r","label":"unnamed-chunk-11"},"document_id":"41EB6672","chunk_id":"cs9vbcoedn02z","chunk_label":"unnamed-chunk-10"},{"row":147,"row_count":1,"visible":true,"expansion_state":0,"options":{"engine":"r","label":"unnamed-chunk-12"},"document_id":"41EB6672","chunk_id":"cjqbuknb85v25","chunk_label":"unnamed-chunk-11"},{"row":159,"row_count":1,"visible":true,"expansion_state":0,"options":{"engine":"r","label":"unnamed-chunk-13"},"document_id":"41EB6672","chunk_id":"ct671v07fkio0","chunk_label":"unnamed-chunk-12"},{"row":174,"row_count":1,"visible":true,"expansion_state":0,"options":{"engine":"r","label":"unnamed-chunk-14"},"document_id":"41EB6672","chunk_id":"co6xhm63lhw6o","chunk_label":"unnamed-chunk-13"},{"row":185,"row_count":1,"visible":true,"expansion_state":0,"options":{"engine":"r","label":"unnamed-chunk-15"},"document_id":"41EB6672","chunk_id":"cb0q8167zihro","chunk_label":"unnamed-chunk-14"},{"row":193,"row_count":1,"visible":true,"expansion_state":0,"options":{"engine":"r","label":"unnamed-chunk-16"},"document_id":"41EB6672","chunk_id":"cx3l0kf58iyi6","chunk_label":"unnamed-chunk-15"},{"row":209,"row_count":1,"visible":true,"expansion_state":0,"options":{"engine":"r","label":"unnamed-chunk-17"},"document_id":"41EB6672","chunk_id":"cy6b9bx1y5yy7","chunk_label":"unnamed-chunk-16"},{"row":224,"row_count":1,"visible":true,"expansion_state":0,"options":{"engine":"r","label":"unnamed-chunk-18"},"document_id":"41EB6672","chunk_id":"coui1mts1x8hl","chunk_label":"unnamed-chunk-17"},{"row":234,"row_count":1,"visible":true,"expansion_state":0,"options":{"engine":"r","label":"unnamed-chunk-19"},"document_id":"41EB6672","chunk_id":"cwxy7qqd0t7ci","chunk_label":"unnamed-chunk-18"},{"row":241,"row_count":1,"visible":true,"expansion_state":0,"options":{"engine":"r","label":"unnamed-chunk-20"},"document_id":"41EB6672","chunk_id":"c3dfzh7qubpap","chunk_label":"unnamed-chunk-19"}],"doc_write_time":1645646901,"working_dir":null,"default_chunk_options":{"echo":true},"chunk_rendered_width":687}