{"chunk_definitions":[{"row":14,"row_count":1,"visible":true,"expansion_state":0,"options":{"engine":"r","label":"setup","include":false},"document_id":"9A49620C","chunk_id":"csetup_chunk","chunk_label":"setup"},{"row":36,"row_count":1,"visible":true,"expansion_state":0,"options":{"engine":"r","label":"unnamed-chunk-3"},"document_id":"8E2D8F71","chunk_id":"cojf3m22dbwnb","chunk_label":"unnamed-chunk-1"},{"row":69,"row_count":1,"visible":true,"expansion_state":0,"options":{"engine":"r","label":"unnamed-chunk-8"},"document_id":"8E2D8F71","chunk_id":"c3ly0jp8z0cf3","chunk_label":"unnamed-chunk-2"},{"row":76,"row_count":1,"visible":true,"expansion_state":0,"options":{"engine":"r","label":"unnamed-chunk-13"},"document_id":"8E2D8F71","chunk_id":"cmezxagjh138n","chunk_label":"unnamed-chunk-3"},{"row":84,"row_count":1,"visible":true,"expansion_state":0,"options":{"engine":"r","label":"unnamed-chunk-14"},"document_id":"8E2D8F71","chunk_id":"c19gc9eb7291g","chunk_label":"unnamed-chunk-4"},{"row":96,"row_count":1,"visible":true,"expansion_state":0,"options":{"engine":"r","label":"unnamed-chunk-16"},"document_id":"8E2D8F71","chunk_id":"cdln2swjeyoj9","chunk_label":"unnamed-chunk-5"},{"row":120,"row_count":1,"visible":true,"expansion_state":0,"options":{"engine":"r","label":"unnamed-chunk-42"},"document_id":"8E2D8F71","chunk_id":"c80a14x4vv1x7","chunk_label":"unnamed-chunk-6"},{"row":141,"row_count":1,"visible":true,"expansion_state":0,"options":{"engine":"r","label":"unnamed-chunk-38"},"document_id":"8E2D8F71","chunk_id":"c7jm8ly61fjbl","chunk_label":"unnamed-chunk-7"},{"row":163,"row_count":1,"visible":true,"expansion_state":0,"options":{"engine":"r","label":"unnamed-chunk-39"},"document_id":"8E2D8F71","chunk_id":"ccoouu88f2n6d","chunk_label":"unnamed-chunk-8"},{"row":184,"row_count":1,"visible":true,"expansion_state":0,"options":{"engine":"r","label":"unnamed-chunk-41"},"document_id":"8E2D8F71","chunk_id":"cwmq6jjqog2lq","chunk_label":"unnamed-chunk-9"},{"row":219,"row_count":1,"visible":true,"expansion_state":0,"options":{"engine":"r","label":"unnamed-chunk-64"},"document_id":"8E2D8F71","chunk_id":"c3d3vhe2aup6m","chunk_label":"unnamed-chunk-10"},{"row":252,"row_count":1,"visible":true,"expansion_state":0,"options":{"engine":"r","label":"unnamed-chunk-65"},"document_id":"8E2D8F71","chunk_id":"c6aqim2iikumz","chunk_label":"unnamed-chunk-11"},{"row":288,"row_count":1,"visible":true,"expansion_state":0,"options":{"engine":"r","label":"unnamed-chunk-68"},"document_id":"8E2D8F71","chunk_id":"cvujn157rc1ob","chunk_label":"unnamed-chunk-12"},{"row":320,"row_count":1,"visible":true,"expansion_state":0,"options":{"engine":"r","label":"unnamed-chunk-70"},"document_id":"8E2D8F71","chunk_id":"c4yo9i60ysd6c","chunk_label":"unnamed-chunk-13"}],"doc_write_time":1702299647,"working_dir":null,"default_chunk_options":{"echo":true},"chunk_rendered_width":626}