{"chunk_definitions":[{"row":9,"row_count":1,"visible":true,"expansion_state":0,"options":{"engine":"r","label":"setup","include":false},"document_id":"25D5E14B","chunk_id":"csetup_chunk","chunk_label":"setup"},{"row":23,"row_count":1,"visible":true,"expansion_state":0,"options":{"engine":"r","label":"unnamed-chunk-5"},"document_id":"25D5E14B","chunk_id":"ctyziiep4lq2f","chunk_label":"unnamed-chunk-1"},{"row":35,"row_count":1,"visible":true,"expansion_state":0,"options":{"engine":"r","label":"unnamed-chunk-6"},"document_id":"25D5E14B","chunk_id":"cfbsp9ea2qdni","chunk_label":"unnamed-chunk-2"},{"row":40,"row_count":1,"visible":true,"expansion_state":0,"options":{"engine":"r","label":"unnamed-chunk-7"},"document_id":"25D5E14B","chunk_id":"cjaddko32lj5v","chunk_label":"unnamed-chunk-3"},{"row":54,"row_count":1,"visible":true,"expansion_state":0,"options":{"engine":"r","label":"unnamed-chunk-8"},"document_id":"25D5E14B","chunk_id":"cevzce1axl41j","chunk_label":"unnamed-chunk-4"},{"row":67,"row_count":1,"visible":true,"expansion_state":0,"options":{"engine":"r","label":"unnamed-chunk-9"},"document_id":"25D5E14B","chunk_id":"cz4tgiibajwv5","chunk_label":"unnamed-chunk-5"},{"row":75,"row_count":1,"visible":true,"expansion_state":0,"options":{"engine":"r","label":"unnamed-chunk-10"},"document_id":"25D5E14B","chunk_id":"ca48jz1wmb89c","chunk_label":"unnamed-chunk-6"},{"row":115,"row_count":1,"visible":true,"expansion_state":0,"options":{"engine":"r","label":"unnamed-chunk-75"},"document_id":"25D5E14B","chunk_id":"cp0ahcnyg4j3x","chunk_label":"unnamed-chunk-7"},{"row":136,"row_count":1,"visible":true,"expansion_state":0,"options":{"engine":"r","label":"unnamed-chunk-76"},"document_id":"25D5E14B","chunk_id":"cvsuze81810jf","chunk_label":"unnamed-chunk-8"}],"doc_write_time":1584640721,"working_dir":null,"default_chunk_options":{"echo":true},"chunk_rendered_width":676}