{"chunk_definitions":[{"row":20,"row_count":1,"visible":true,"expansion_state":0,"options":{"engine":"r","label":"unnamed-chunk-1"},"document_id":"BFE7B5A5","chunk_id":"c0y8tefq522sz","chunk_label":"unnamed-chunk-1"},{"row":27,"row_count":1,"visible":true,"expansion_state":0,"options":{"engine":"r","label":"unnamed-chunk-2"},"document_id":"BFE7B5A5","chunk_id":"cjdkjt5vho7f7","chunk_label":"unnamed-chunk-2"},{"row":48,"row_count":1,"visible":true,"expansion_state":0,"options":{"engine":"r","label":"unnamed-chunk-4"},"document_id":"BFE7B5A5","chunk_id":"czvrwekkzsk8r","chunk_label":"unnamed-chunk-3"},{"row":58,"row_count":1,"visible":true,"expansion_state":0,"options":{"engine":"r","label":"unnamed-chunk-5"},"document_id":"BFE7B5A5","chunk_id":"cl9xpzg6jg7n8","chunk_label":"unnamed-chunk-4"},{"row":64,"row_count":1,"visible":true,"expansion_state":0,"options":{"engine":"r","label":"unnamed-chunk-6"},"document_id":"BFE7B5A5","chunk_id":"cqk6m39hbl1uw","chunk_label":"unnamed-chunk-5"},{"row":72,"row_count":1,"visible":true,"expansion_state":0,"options":{"engine":"r","label":"unnamed-chunk-7"},"document_id":"BFE7B5A5","chunk_id":"ctr85ahhb4z2j","chunk_label":"unnamed-chunk-6"},{"row":77,"row_count":1,"visible":true,"expansion_state":0,"options":{"engine":"r","label":"unnamed-chunk-8"},"document_id":"BFE7B5A5","chunk_id":"cri5gwu38prpt","chunk_label":"unnamed-chunk-7"},{"row":85,"row_count":1,"visible":true,"expansion_state":0,"options":{"engine":"r","label":"unnamed-chunk-9"},"document_id":"BFE7B5A5","chunk_id":"cdk3aewhdsg5e","chunk_label":"unnamed-chunk-8"},{"row":96,"row_count":1,"visible":true,"expansion_state":0,"options":{"engine":"r","label":"unnamed-chunk-13"},"document_id":"BFE7B5A5","chunk_id":"cveukmlvmzpir","chunk_label":"unnamed-chunk-9"},{"row":105,"row_count":1,"visible":true,"expansion_state":0,"options":{"engine":"r","label":"unnamed-chunk-14"},"document_id":"BFE7B5A5","chunk_id":"cozgf796b8fab","chunk_label":"unnamed-chunk-10"},{"row":135,"row_count":1,"visible":true,"expansion_state":0,"options":{"engine":"r","label":"unnamed-chunk-17"},"document_id":"BFE7B5A5","chunk_id":"crmjymjvct8si","chunk_label":"unnamed-chunk-12"},{"row":150,"row_count":1,"visible":true,"expansion_state":0,"options":{"engine":"r","label":"unnamed-chunk-18"},"document_id":"BFE7B5A5","chunk_id":"c3bx98c9ggiog","chunk_label":"unnamed-chunk-14"},{"row":159,"row_count":1,"visible":true,"expansion_state":0,"options":{"engine":"r","label":"unnamed-chunk-19"},"document_id":"BFE7B5A5","chunk_id":"cm6m7za42f7v5","chunk_label":"unnamed-chunk-15"},{"row":177,"row_count":1,"visible":true,"expansion_state":0,"options":{"engine":"r","label":"unnamed-chunk-20"},"document_id":"BFE7B5A5","chunk_id":"cmf95ak47dkmd","chunk_label":"unnamed-chunk-16"},{"row":193,"row_count":1,"visible":true,"expansion_state":0,"options":{"engine":"r","label":"unnamed-chunk-21"},"document_id":"BFE7B5A5","chunk_id":"c2gtjl3pvn3ke","chunk_label":"unnamed-chunk-18"}],"doc_write_time":1611851849}