{"chunk_definitions":[{"row":11,"row_count":1,"visible":true,"expansion_state":0,"options":{"engine":"r","label":"setup","include":true},"document_id":"95485583","chunk_id":"csetup_chunk","chunk_label":"setup"},{"row":25,"row_count":1,"visible":true,"expansion_state":0,"options":{"engine":"r","label":"load"},"document_id":"95485583","chunk_id":"c82fyr2om26bb","chunk_label":"load"},{"row":58,"row_count":1,"visible":true,"expansion_state":0,"options":{"engine":"r","label":"unnamed-chunk-2"},"document_id":"95485583","chunk_id":"cczxhnc4tjgwa","chunk_label":"unnamed-chunk-1"},{"row":67,"row_count":1,"visible":true,"expansion_state":0,"options":{"engine":"r","label":"unnamed-chunk-3"},"document_id":"95485583","chunk_id":"coyg24gpwfekp","chunk_label":"unnamed-chunk-2"},{"row":76,"row_count":1,"visible":true,"expansion_state":0,"options":{"engine":"r","label":"unnamed-chunk-4"},"document_id":"95485583","chunk_id":"cc2tu7gxloxyz","chunk_label":"unnamed-chunk-3"},{"row":86,"row_count":1,"visible":true,"expansion_state":0,"options":{"engine":"r","label":"unnamed-chunk-5"},"document_id":"95485583","chunk_id":"cur4sh5s48tth","chunk_label":"unnamed-chunk-4"},{"row":94,"row_count":1,"visible":true,"expansion_state":0,"options":{"engine":"r","label":"unnamed-chunk-6"},"document_id":"95485583","chunk_id":"chub52b810nm1","chunk_label":"unnamed-chunk-5"},{"row":104,"row_count":1,"visible":true,"expansion_state":0,"options":{"engine":"r","label":"unnamed-chunk-7"},"document_id":"95485583","chunk_id":"cd29yidwjt3b9","chunk_label":"unnamed-chunk-6"},{"row":117,"row_count":1,"visible":true,"expansion_state":0,"options":{"engine":"r","label":"unnamed-chunk-8"},"document_id":"95485583","chunk_id":"cxlifpxb89ll3","chunk_label":"unnamed-chunk-7"},{"row":128,"row_count":1,"visible":true,"expansion_state":0,"options":{"engine":"r","label":"unnamed-chunk-9"},"document_id":"95485583","chunk_id":"c1ju1izqzg03f","chunk_label":"unnamed-chunk-8"},{"row":153,"row_count":1,"visible":true,"expansion_state":0,"options":{"engine":"r","label":"unnamed-chunk-10"},"document_id":"95485583","chunk_id":"c8awkzzn6b9ag","chunk_label":"unnamed-chunk-9"},{"row":162,"row_count":1,"visible":true,"expansion_state":0,"options":{"engine":"r","label":"unnamed-chunk-11"},"document_id":"95485583","chunk_id":"c5xm6uvq4tg2k","chunk_label":"unnamed-chunk-10"},{"row":172,"row_count":1,"visible":true,"expansion_state":0,"options":{"engine":"r","label":"unnamed-chunk-12"},"document_id":"95485583","chunk_id":"cvp72h3fw8gkv","chunk_label":"unnamed-chunk-11"},{"row":182,"row_count":1,"visible":true,"expansion_state":0,"options":{"engine":"r","label":"unnamed-chunk-13"},"document_id":"95485583","chunk_id":"c5j28qb60118t","chunk_label":"unnamed-chunk-12"},{"row":190,"row_count":1,"visible":true,"expansion_state":0,"options":{"engine":"r","label":"unnamed-chunk-14"},"document_id":"95485583","chunk_id":"crqdfpghtotgl","chunk_label":"unnamed-chunk-13"},{"row":201,"row_count":1,"visible":true,"expansion_state":0,"options":{"engine":"r","label":"unnamed-chunk-15"},"document_id":"95485583","chunk_id":"c3ra1so9koor4","chunk_label":"unnamed-chunk-14"},{"row":210,"row_count":1,"visible":true,"expansion_state":0,"options":{"engine":"r","label":"unnamed-chunk-16"},"document_id":"95485583","chunk_id":"coow26e5debp7","chunk_label":"unnamed-chunk-15"},{"row":217,"row_count":1,"visible":true,"expansion_state":0,"options":{"engine":"r","label":"unnamed-chunk-17"},"document_id":"95485583","chunk_id":"cusscr9ya0mhn","chunk_label":"unnamed-chunk-16"},{"row":235,"row_count":1,"visible":true,"expansion_state":0,"options":{"engine":"r","label":"unnamed-chunk-18"},"document_id":"95485583","chunk_id":"cx5y57o2bxjnv","chunk_label":"unnamed-chunk-17"},{"row":245,"row_count":1,"visible":true,"expansion_state":0,"options":{"engine":"r","label":"unnamed-chunk-19"},"document_id":"95485583","chunk_id":"clh3nhd9j4a41","chunk_label":"unnamed-chunk-18"},{"row":251,"row_count":1,"visible":true,"expansion_state":0,"options":{"engine":"r","label":"unnamed-chunk-20"},"document_id":"95485583","chunk_id":"c8lsjezya7m12","chunk_label":"unnamed-chunk-19"},{"row":262,"row_count":1,"visible":true,"expansion_state":0,"options":{"engine":"r","label":"unnamed-chunk-21"},"document_id":"95485583","chunk_id":"cs6v2lg6ukb6k","chunk_label":"unnamed-chunk-20"},{"row":271,"row_count":1,"visible":true,"expansion_state":0,"options":{"engine":"r","label":"unnamed-chunk-22"},"document_id":"95485583","chunk_id":"c2g8dzy9otpyn","chunk_label":"unnamed-chunk-21"},{"row":281,"row_count":1,"visible":true,"expansion_state":0,"options":{"engine":"r","label":"unnamed-chunk-23"},"document_id":"95485583","chunk_id":"cebb33rnz8n74","chunk_label":"unnamed-chunk-22"},{"row":289,"row_count":1,"visible":true,"expansion_state":0,"options":{"engine":"r","label":"unnamed-chunk-24"},"document_id":"95485583","chunk_id":"c9dgusjpkrkb9","chunk_label":"unnamed-chunk-23"}],"doc_write_time":1647597278,"working_dir":null,"default_chunk_options":{"echo":true}}