"0","don$POP3<-cut(don$POP,breaks=quantile(don$POP,c(0,1/3,2/3,1)),include.lowest = T)"
"0","levels(don$POP3)<-c(""Petit"",""Moyen"",""Grand"")"
"0","don$PNB4<-cut(don$PNB,breaks=quantile(don$PNB,c(0,1/4,1/2,3/4,1)),include.lowest = T)"
"0","levels(don$PNB4)<-c(""Très pauvre"",""Pauvre"",""Riche"",""Très Riche"")"
"0","don$LAT2<-cut(don$Y,breaks=quantile(don$Y,c(0,1/2,1)),include.lowest = T)"
"0","levels(don$LAT2)<-c(""Sud"",""Nord"")"
"0","don$LONG2<-cut(don$X,breaks=quantile(don$X,c(0,1/2,1)),include.lowest = T)"
"0","levels(don$LONG2)<-c(""Ouest"",""Est"")"
