{"chunk_definitions":[{"row":13,"row_count":1,"visible":true,"expansion_state":0,"options":{"engine":"r","label":"setup","include":false},"document_id":"61FDA995","chunk_id":"csetup_chunk","chunk_label":"setup"},{"row":27,"row_count":1,"visible":true,"expansion_state":0,"options":{"engine":"r","label":"unnamed-chunk-26"},"document_id":"61FDA995","chunk_id":"cqx1ckd9f9jft","chunk_label":"unnamed-chunk-1"},{"row":51,"row_count":1,"visible":true,"expansion_state":0,"options":{"engine":"r","label":"unnamed-chunk-20"},"document_id":"61FDA995","chunk_id":"c9cfcv7z80xvv","chunk_label":"unnamed-chunk-2"},{"row":59,"row_count":1,"visible":true,"expansion_state":0,"options":{"engine":"r","label":"unnamed-chunk-21"},"document_id":"61FDA995","chunk_id":"c3o4048babhdu","chunk_label":"unnamed-chunk-3"},{"row":70,"row_count":1,"visible":true,"expansion_state":0,"options":{"engine":"r","label":"unnamed-chunk-27"},"document_id":"61FDA995","chunk_id":"cgfwi8ugoa4fg","chunk_label":"unnamed-chunk-4"},{"row":85,"row_count":1,"visible":true,"expansion_state":0,"options":{"engine":"r","label":"unnamed-chunk-28"},"document_id":"61FDA995","chunk_id":"cvk506dh6clj1","chunk_label":"unnamed-chunk-5"},{"row":95,"row_count":1,"visible":true,"expansion_state":0,"options":{"engine":"r","label":"unnamed-chunk-29"},"document_id":"61FDA995","chunk_id":"cqdc4eyn6p40k","chunk_label":"unnamed-chunk-6"},{"row":107,"row_count":1,"visible":true,"expansion_state":0,"options":{"engine":"r","label":"unnamed-chunk-45"},"document_id":"61FDA995","chunk_id":"cxsbxkkkuvtjx","chunk_label":"unnamed-chunk-7"},{"row":113,"row_count":1,"visible":true,"expansion_state":0,"options":{"engine":"r","label":"unnamed-chunk-46"},"document_id":"61FDA995","chunk_id":"covdecnn95swc","chunk_label":"unnamed-chunk-8"},{"row":120,"row_count":1,"visible":true,"expansion_state":0,"options":{"engine":"r","label":"unnamed-chunk-47"},"document_id":"61FDA995","chunk_id":"c7krztjajh8he","chunk_label":"unnamed-chunk-9"},{"row":129,"row_count":1,"visible":true,"expansion_state":0,"options":{"engine":"r","label":"unnamed-chunk-48"},"document_id":"61FDA995","chunk_id":"c9xk1rnplw234","chunk_label":"unnamed-chunk-10"},{"row":133,"row_count":1,"visible":true,"expansion_state":0,"options":{"engine":"r","label":"unnamed-chunk-44"},"document_id":"61FDA995","chunk_id":"c5qyoii45gwyt","chunk_label":"unnamed-chunk-11"}],"doc_write_time":1649771343,"working_dir":null,"default_chunk_options":{},"chunk_rendered_width":669}