"0",""
"0","monplot2<-function(X,Y,"
"0","                  nomX = ""X"","
"0","                  nomY = ""Y"","
"0","                  montitre = ""Graphique XY"","
"0","                  source = ""Source : inconnue"", "
"0","                  mycol = ""white"","
"0","                  mybgcol=""black"","
"0","                  myptcol = ""lightyellow"","
"0","                  myregcol =""red"","
"0","                  regline = TRUE) {"
"0",""
"0","par(  bg=mybgcol,"
"0","      col=mycol,"
"0","      col.axis=mycol,"
"0","      col.lab=mycol,"
"0","      col.main=mycol,"
"0","      col.sub=mycol,"
"0","      cex.sub=0.6,"
"0","      cex.lab=0.8,"
"0","      cex.axis=0.8,"
"0","      pch=20)"
"0","  "
"0","plot(X,"
"0","     Y,"
"0","     xlab=nomX, "
"0","     ylab=nomY,"
"0","     main=montitre,"
"0","     sub=source,"
"0","     col=myptcol)"
"0",""
"0","if (regline==T) {abline(lm(Y~X),col=myregcol,lwd=2)}"
"0",""
"0","}"
"0",""
