{"chunk_definitions":[{"row":15,"row_count":1,"visible":true,"expansion_state":0,"options":{"engine":"r","label":"setup","include":false,"dev":"png"},"document_id":"9237A5C0","chunk_id":"csetup_chunk","chunk_label":"setup"},{"row":39,"row_count":1,"visible":true,"expansion_state":0,"options":{"engine":"r","label":"unnamed-chunk-47","dev":"png"},"document_id":"9237A5C0","chunk_id":"c6z5ncoaen2sq","chunk_label":"unnamed-chunk-1"},{"row":48,"row_count":1,"visible":true,"expansion_state":0,"options":{"engine":"r","label":"unnamed-chunk-48","dev":"png"},"document_id":"9237A5C0","chunk_id":"cuj7j1tu1uar8","chunk_label":"unnamed-chunk-2"},{"row":64,"row_count":1,"visible":true,"expansion_state":0,"options":{"engine":"r","label":"unnamed-chunk-49","dev":"png"},"document_id":"9237A5C0","chunk_id":"cxmrc12su9nnb","chunk_label":"unnamed-chunk-3"},{"row":73,"row_count":1,"visible":true,"expansion_state":0,"options":{"engine":"r","label":"unnamed-chunk-50","dev":"png"},"document_id":"9237A5C0","chunk_id":"cl8wpgut9q565","chunk_label":"unnamed-chunk-4"},{"row":85,"row_count":1,"visible":true,"expansion_state":0,"options":{"engine":"r","label":"unnamed-chunk-51","dev":"png"},"document_id":"9237A5C0","chunk_id":"cq6bhaiqsc1dy","chunk_label":"unnamed-chunk-5"},{"row":109,"row_count":1,"visible":true,"expansion_state":0,"options":{"engine":"r","label":"unnamed-chunk-52","dev":"png"},"document_id":"9237A5C0","chunk_id":"c23zrkkaddxha","chunk_label":"unnamed-chunk-6"},{"row":130,"row_count":1,"visible":true,"expansion_state":0,"options":{"engine":"r","label":"unnamed-chunk-53","dev":"png"},"document_id":"9237A5C0","chunk_id":"crbnf5fb9s7yh","chunk_label":"unnamed-chunk-7"},{"row":152,"row_count":1,"visible":true,"expansion_state":0,"options":{"engine":"r","label":"unnamed-chunk-60","dev":"png"},"document_id":"9237A5C0","chunk_id":"cpp4bu42rcfc9","chunk_label":"unnamed-chunk-8"},{"row":173,"row_count":1,"visible":true,"expansion_state":0,"options":{"engine":"r","label":"unnamed-chunk-55","dev":"png"},"document_id":"9237A5C0","chunk_id":"cfjfmneims24t","chunk_label":"unnamed-chunk-9"},{"row":205,"row_count":1,"visible":true,"expansion_state":0,"options":{"engine":"r","label":"unnamed-chunk-56","dev":"png"},"document_id":"9237A5C0","chunk_id":"cetxtpvkaykoa","chunk_label":"unnamed-chunk-10"},{"row":238,"row_count":1,"visible":true,"expansion_state":0,"options":{"engine":"r","label":"unnamed-chunk-57","dev":"png"},"document_id":"9237A5C0","chunk_id":"cu57grkhh63fq","chunk_label":"unnamed-chunk-11"},{"row":274,"row_count":1,"visible":true,"expansion_state":0,"options":{"engine":"r","label":"unnamed-chunk-58","dev":"png"},"document_id":"9237A5C0","chunk_id":"ctlpe7p14zut5","chunk_label":"unnamed-chunk-12"},{"row":306,"row_count":1,"visible":true,"expansion_state":0,"options":{"engine":"r","label":"unnamed-chunk-59","dev":"png"},"document_id":"9237A5C0","chunk_id":"cz2q24evx1izx","chunk_label":"unnamed-chunk-13"}],"doc_write_time":1764950523,"chunk_rendered_width":700,"working_dir":null,"default_chunk_options":{}}