"0","lprop(tab,total = T)"
"1","     "
"1"," D'accord"
"1"," Pas d'accord"
"1"," Total"
"1","
Homme"
"1","  73.7   "
"1","  26.3       "
"1"," 100.0"
"1","
Femme"
"1","  59.7   "
"1","  40.3       "
"1"," 100.0"
"1","
All  "
"1","  66.7   "
"1","  33.3       "
"1"," 100.0"
"1","
"
"0","# Test"
"0","mod<-chisq.test(tab)"
"0","mod"
"1","
"
"1","	Pearson's Chi-squared test with Yates' continuity correction"
"1","
"
"1","
"
"1","data:  "
"1",""
"1","tab"
"1",""
"1","
"
"1","X-squared = 40.476, df = 1, p-value = 1.991e-10"
"1","
"
"1","
"
"0","# Graphique"
"0","note<-paste(""Chi2 = "",round(mod$statistic,2),"
"0","            "", d.l. = "",mod$parameter,"
"0","            "", p = "",round(mod$p.value,4))"
"0","plot(tab,"
"0","     col=c(""red"",""blue""),"
"0","     main=""Opinion et sexe en 2017-2020"","
"0","     sub=note)"
"0",""
