"iso3";"country";"capital";"long";"lat";"reg";"inc";"SUP";"AGR";"CO2";"GDP";"GNP";"POP";"URB"
"ABW";"Aruba";"Oranjestad";-70.0167;12.5167;"Latin America & Caribbean ";"High income";2000;180;2508.228;2390502793.29609;2250223463.68715;101669;43778
"AFG";"Afghanistan";"Kabul";69.1761;34.5228;"South Asia";"Low income";7793000;652860;8463.436;15856574731.4411;15884505936.6812;29185507;6927764
"AGO";"Angola";"Luanda";13.242;-8.81155;"Sub-Saharan Africa ";"Lower middle income";4100000;1246700;29057.308;83799496611.2004;75712633817.0538;23356246;13963065
"ALB";"Albania";"Tirane";19.8172;41.3317;"Europe & Central Asia";"Upper middle income";626000;28750;4598.418;11926962834.9645;11807255327.2963;2913021;1519519
"AND";"Andorra";"Andorra la Vella";1.5218;42.5075;"Europe & Central Asia";"High income";769.999980926514;470;517.047;3355695364.23841;NA;84449;75007
"ARE";"United Arab Emirates";"Abu Dhabi";54.3705;24.4764;"Middle East & North Africa";"High income";50599.9984741211;83600;160812.618;289787338325.391;289703471749.49;8549988;7189428
"ARG";"Argentina";"Buenos Aires";-58.4173;-34.6118;"Latin America & Caribbean ";"Upper middle income";37981000;2780400;187919.082;423627422092.49;409192468872.686;40788453;37055902
"ARM";"Armenia";"Yerevan";44.509;40.1596;"Europe & Central Asia";"Lower middle income";448500;29740;4217.05;9260284937.79782;9718566178.65683;2877319;1825371
"ASM";"American Samoa";"Pago Pago";-170.691;-14.2846;"East Asia & Pacific";"Upper middle income";3000;200;NA;5.76e+08;NA;56079;49122
"ATG";"Antigua and Barbuda";"Saint John's";-61.8456;17.1175;"Latin America & Caribbean ";"High income";4000;440;524.381;1148700000;1120979666.66667;88028;23097
"AUS";"Australia";"Canberra";149.129;-35.282;"East Asia & Pacific";"High income";42568000;7741220;390861.863;1146138465603.81;1101613670395.49;22031750;18767085
"AUT";"Austria";"Vienna";16.3798;48.2201;"Europe & Central Asia";"High income";1363800.04882813;83879.00390625;67502.136;391892746544.69;395170908981.876;8363404;4800510
"AZE";"Azerbaijan";"Baku";49.8932;40.3834;"Europe & Central Asia";"Upper middle income";1884099.97558594;86600;30678.122;52902703376.1056;49435841285.6609;9054332;4835557
"BDI";"Burundi";"Bujumbura";29.3639;-3.3784;"Sub-Saharan Africa ";"Low income";950000;27830;212.686;2032135246.50004;2021328812.72312;8675602;923258
"BEL";"Belgium";"Brussels";4.36761;50.8371;"Europe & Central Asia";"High income";834000;30530;110824.074;480951629493.033;488333574084.956;10895586;10639649
"BEN";"Benin";"Porto-Novo";2.6323;6.4779;"Sub-Saharan Africa ";"Low income";2540000;114760;5089.796;6977040762.19148;6923505383.9545;9199259;3964237
"BFA";"Burkina Faso";"Ouagadougou";-1.53395;12.3605;"Sub-Saharan Africa ";"Low income";6e+06;274220;1961.845;8979966766.07232;8744700440.35964;15605217;3844033
"BGD";"Bangladesh";"Dhaka";90.4113;23.7055;"South Asia";"Lower middle income";7791000;148460;59937.115;115279077465.226;124617096900.553;147575430;44954427
"BGR";"Bulgaria";"Sofia";23.3238;42.7105;"Europe & Central Asia";"Upper middle income";3186000;111000;44114.01;50610058210.3696;49555731690.8082;7395599;5347166
"BHR";"Bahrain";"Manama";50.5354;26.1921;"Middle East & North Africa";"High income";1600.00002384186;761.999969482422;29266.327;25713271276.5957;23340257978.7234;1240860;1099824
"BHS";"Bahamas, The";"Nassau";-77.339;25.0661;"Latin America & Caribbean ";"High income";9000;13880;1653.817;10095760000;9888260000;354942;292568
"BIH";"Bosnia and Herzegovina";"Sarajevo";18.4214;43.8607;"Europe & Central Asia";"Upper middle income";1004000;51210;21275.934;17176781336.7644;17456153856.5721;3705472;1688139
"BLR";"Belarus";"Minsk";27.5766;53.9678;"Europe & Central Asia";"Upper middle income";5535000;207600;63043.064;58665088956.0255;57568820409.5334;9490583;7086808
"BLZ";"Belize";"Belmopan";-88.7713;17.2534;"Latin America & Caribbean ";"Upper middle income";75000;22970;539.049;1377179137.31754;1238679887.31754;322464;145844
"BMU";"Bermuda";"Hamilton";-64.706;32.3293;"North America";"High income";300.000011920929;54.0000009536743;608.722;5744414000;7163899000;65124;65124
"BOL";"Bolivia";"La Paz";-66.1936;-13.9908;"Latin America & Caribbean ";"Lower middle income";4297000;1098580;15203.382;19649631450.6819;18785524377.5564;10048590;6675278
"BRA";"Brazil";"Brasilia";-47.9292;-15.7801;"Latin America & Caribbean ";"Upper middle income";70363000;8515770;419754.156;2208871646202.82;2144024556616.64;195713635;165055094
"BRB";"Barbados";"Bridgetown";-59.6105;13.0935;"Latin America & Caribbean ";"High income";12000;430;1477.801;4529928300;4418050000;282131;89915
"BRN";"Brunei Darussalam";"Bandar Seri Begawan";114.946;4.94199;"East Asia & Pacific";"High income";4000;5770;8203.079;13707370737.0737;13606894022.7356;388646;291333
"BTN";"Bhutan";"Thimphu";89.6177;27.5768;"South Asia";"Lower middle income";100599.998474121;38393.9990234375;487.711;1585472534.10547;1497491569.31098;685503;238507
"BWA";"Botswana";"Gaborone";25.9201;-24.6544;"Sub-Saharan Africa ";"Upper middle income";259000;581730;4686.426;12786654365.8738;12237098092.3222;1987105;1240192
"CAF";"Central African Republic";"Bangui";21.6407;5.63056;"Sub-Saharan Africa ";"Low income";1800000;622980;264.024;2140503193.16261;2150137120.03586;4386768;1706628
"CAN";"Canada";"Ottawa";-75.6919;45.4215;"North America";"High income";43397000;9984670;534670.602;1613542812589.39;1585379875651.19;34004889;27522537
"CHE";"Switzerland";"Bern";7.44821;46.948;"Europe & Central Asia";"High income";404500;41290;38994.878;583783396408.582;618068053363.193;7824909;5759681
"CHI";"Channel Islands";NA;NA;NA;"Europe & Central Asia";"High income";4300.00019073486;197.999992370605;NA;NA;NA;159734;49604
"CHL";"Chile";"Santiago";-70.6475;-33.475;"Latin America & Caribbean ";"High income";1271000;756096.015625;72250.901;218537551220.071;203115009358.564;17062536;14857033
"CHN";"China";"Beijing";116.286;40.0495;"East Asia & Pacific";"Upper middle income";107220000;9562911.25;8776040.416;6087164527421.24;6061091827540.88;1337705000;658498663
"CIV";"Cote d'Ivoire";"Yamoussoukro";-4.0305;5.332;"Sub-Saharan Africa ";"Lower middle income";2900000;322460;6967.3;24884505034.5564;23972203265.4454;20532950;9718245
"CMR";"Cameroon";"Yaounde";11.5174;3.8721;"Sub-Saharan Africa ";"Lower middle income";6200000;475440;6780.283;26143818509.6421;25879823789.7177;20341241;10487740
"COD";"Congo, Dem. Rep.";"Kinshasa";15.3222;-4.325;"Sub-Saharan Africa ";"Low income";6800000;2344860;2020.517;21565720044.4634;20654939478.4381;64563854;25833935
"COG";"Congo, Rep.";"Brazzaville";15.2662;-4.2767;"Sub-Saharan Africa ";"Lower middle income";510000;342000;1980.18;12007880438.6232;9024206656.07327;4273731;2703391
"COL";"Colombia";"Bogota";-74.082;4.60987;"Latin America & Caribbean ";"Upper middle income";1763000;1141750;76174.591;286103648654.545;275615400141.243;45222700;35257426
"COM";"Comoros";"Moroni";43.2418;-11.6986;"Sub-Saharan Africa ";"Low income";65000;1861.00006103516;161.348;907093130.313521;906242596.471203;689692;192928
"CPV";"Cabo Verde";"Praia";-23.5087;14.9218;"Sub-Saharan Africa ";"Lower middle income";50000;4030;557.384;1664310769.55229;1591147121.9859;492654;304564
"CRI";"Costa Rica";"San Jose";-84.0089;9.63701;"Latin America & Caribbean ";"Upper middle income";225000;51100;7568.688;37268614024.3178;36059991803.4268;4577378;3283628
"CUB";"Cuba";"Havana";-82.3667;23.1333;"Latin America & Caribbean ";"Upper middle income";3384000;109880;38375.155;6.4328e+10;6.2896e+10;11225832;8598651
"CUW";"Curacao";"Willemstad";NA;NA;"Latin America & Caribbean ";"High income";NA;444;NA;NA;NA;148703;133691
"CYM";"Cayman Islands";"George Town";-81.3857;19.3022;"Latin America & Caribbean ";"High income";200.000002980232;263.999996185303;557.384;4156935677.4271;3934218768.75075;56672;56672
"CYP";"Cyprus";"Nicosia";33.3736;35.1676;"Europe & Central Asia";"High income";82599.9984741211;9250;7708.034;25732432719.0773;25365001988.5987;1112612;751581
"CZE";"Czech Republic";"Prague";14.4205;50.0878;"Europe & Central Asia";"High income";3171000;78870;111579.476;207477857918.919;192159595774.482;10474410;7673029
"DEU";"Germany";"Berlin";13.4115;52.5235;"Europe & Central Asia";"High income";11846000;357126.9921875;758859.981;3396354075663.73;3464482469694.36;81776930;62940432
"DJI";"Djibouti";"Djibouti";43.1425;11.5806;"Middle East & North Africa";"Lower middle income";1600.00002384186;23200;517.047;NA;NA;840198;646944
"DMA";"Dominica";"Roseau";-61.39;15.2976;"Latin America & Caribbean ";"Upper middle income";6000;750;139.346;493824407.407407;484012851.851852;70878;48264
"DNK";"Denmark";"Copenhagen";12.5681;55.6763;"Europe & Central Asia";"High income";2421000;43090;46640.573;321995279401.502;327262172001.618;5547683;4815111
"DOM";"Dominican Republic";"Santo Domingo";-69.8908;18.479;"Latin America & Caribbean ";"Upper middle income";8e+05;48670;21022.911;53860187452.8829;51932987452.8839;9695121;7150443
"DZA";"Algeria";"Algiers";3.05097;36.7397;"Middle East & North Africa";"Upper middle income";7502000;2381740;119177.5;161205065469.309;160817665556.691;35977455;24299173
"ECU";"Ecuador";"Quito";-78.5243;-0.229498;"Latin America & Caribbean ";"Upper middle income";1186400.02441406;256370;36460.981;69555367000;68518395427.9106;15011117;9410469
"EGY";"Egypt, Arab Rep.";"Cairo";31.2461;30.0982;"Middle East & North Africa";"Lower middle income";2873000;1001450;202715.427;218888324504.753;214523624501.125;82761235;35603056
"ERI";"Eritrea";"Asmara";38.9183;15.3315;"Sub-Saharan Africa ";"Low income";690000;117600;513.38;2117039512.19512;2097411538.21138;3170435;1115201
"ESP";"Spain";"Madrid";-3.70327;40.4167;"Europe & Central Asia";"High income";12528000;505600;270910.626;1420722034063;1400015982113.65;46576897;36535850
"EST";"Estonia";"Tallinn";24.7586;59.4392;"Europe & Central Asia";"High income";645000;45230;18107.646;19685033799.4182;18457311665.0512;1331475;906655
"ETH";"Ethiopia";"Addis Ababa";38.7468;9.02274;"Sub-Saharan Africa ";"Low income";14565000;1104300;6585.932;29933790334.3418;29825574928.2445;87639964;15178365
"FIN";"Finland";"Helsinki";24.9525;60.1608;"Europe & Central Asia";"High income";2254800.04882813;338420;62082.31;249181190476.369;252404839602.935;5363352;4492880
"FJI";"Fiji";"Suva";178.399;-18.1149;"East Asia & Pacific";"Upper middle income";165000;18270;1221.111;3140508835.9485;3043130949.27801;859818;448576
"FRA";"France";"Paris";2.35097;48.8566;"Europe & Central Asia";"High income";18300699.21875;549086.9921875;353033.091;2642609548930.36;2703780741292.19;65027507;50961407
"FRO";"Faroe Islands";"Torshavn";-6.91181;61.8926;"Europe & Central Asia";"High income";3000;1396.00006103516;630.724;2320424601.26954;2350687221.06648;47814;19568
"FSM";"Micronesia, Fed. Sts.";"Palikir";158.185;6.91771;"East Asia & Pacific";"Lower middle income";2000;700;113.677;296944122.022674;307507217.823265;102911;22947
"GAB";"Gabon";"Libreville";9.45162;0.38832;"Sub-Saharan Africa ";"Upper middle income";325000;267670;4811.104;14358584300.3006;12472296425.0308;1624140;1389176
"GBR";"United Kingdom";"London";-0.126236;51.5002;"Europe & Central Asia";"High income";5970000;243610;493207.833;2475244321361.11;2476994995278.28;62766365;51030310
"GEO";"Georgia";"Tbilisi";44.793;41.71;"Europe & Central Asia";"Lower middle income";395000;69700;6314.574;12243505582.6741;11884077933.0079;3786695;2102941
"GHA";"Ghana";"Accra";-0.20795;5.57045;"Sub-Saharan Africa ";"Lower middle income";4620000;238540;9955.905;32174772955.9748;31640997973.4451;24779619;12566488
"GIB";"Gibraltar";NA;NA;NA;"Europe & Central Asia";"High income";NA;10;465.709;NA;NA;33585;33585
"GIN";"Guinea";"Conakry";-13.7;9.51667;"Sub-Saharan Africa ";"Low income";2900000;245860;2603.57;6853467857.61127;6776357857.33359;10192176;3432521
"GMB";"Gambia, The";"Banjul";-16.5885;13.4495;"Sub-Saharan Africa ";"Low income";450000;11300;432.706;1543292392.54605;1513386209.48165;1793196;998129
"GNB";"Guinea-Bissau";"Bissau";-15.1804;11.8037;"Sub-Saharan Africa ";"Low income";3e+05;36130;238.355;849050127.504407;845414290.79081;1522599;610730
"GNQ";"Equatorial Guinea";"Malabo";8.7741;3.7523;"Sub-Saharan Africa ";"Upper middle income";120000;28050;4679.092;16298542027.9965;9569119906.6381;943639;622236
"GRC";"Greece";"Athens";23.7166;37.9792;"Europe & Central Asia";"High income";2567000;131960;83856.956;299361576558.217;293229174390.905;11121341;8484693
"GRD";"Grenada";"Saint George's";-61.7449;12.0653;"Latin America & Caribbean ";"Upper middle income";3000;340;260.357;771013259.259259;731135629.62963;106233;38100
"GRL";"Greenland";"Nuuk";-51.7214;64.1836;"Europe & Central Asia";"High income";900;410450;663.727;2503156060.52524;NA;56905;48018
"GTM";"Guatemala";"Guatemala City";-90.5328;14.6248;"Latin America & Caribbean ";"Lower middle income";1196079.95605469;108890;11664.727;41338008612.7727;40239694494.7752;14630417;7081561
"GUM";"Guam";"Agana";144.794;13.4443;"East Asia & Pacific";"High income";1000;540;NA;4.895e+09;NA;159444;150035
"GUY";"Guyana";"Georgetown";-58.1548;6.80461;"Latin America & Caribbean ";"Upper middle income";420000;214970;1719.823;2273225041.96217;2260453686.92538;749436;199605
"HKG";"Hong Kong SAR, China";NA;114.109;22.3964;"East Asia & Pacific";"High income";3500;1100;40678.031;228637697575.04;233476805848.736;7024200;7024200
"HND";"Honduras";"Tegucigalpa";-87.4667;15.1333;"Latin America & Caribbean ";"Lower middle income";1020000;112490;7975.725;15839344591.9842;15106972347.3281;8317470;4315519
"HRV";"Croatia";"Zagreb";15.9614;45.8069;"Europe & Central Asia";"Upper middle income";904400.024414063;56590;20172.167;59807966533.2848;57798779810.8403;4295427;2369143
"HTI";"Haiti";"Port-au-Prince";-72.3288;18.5392;"Latin America & Caribbean ";"Low income";1100000;27750;2126.86;6622541528.56888;6644821528.86657;9949322;4726823
"HUN";"Hungary";"Budapest";19.0408;47.4984;"Europe & Central Asia";"High income";4392000;93030;50223.232;131135561228.374;125186916359.76;10000023;6891116
"IDN";"Indonesia";"Jakarta";106.83;-6.19752;"East Asia & Pacific";"Lower middle income";23600000;1910930;428760.308;755094160363.071;734988313962.735;241834215;120709130
"IMN";"Isle of Man";"Douglas";-4.47928;54.1509;"Europe & Central Asia";"High income";25379.9991607666;570;NA;5920177688.50433;5636127935.72312;84857;44121
"IND";"India";"New Delhi";77.225;28.6353;"South Asia";"Lower middle income";157009000;3287260;1719690.988;1675615335600.56;1657660320258.9;1234281170;381763166
"IRL";"Ireland";"Dublin";-6.26749;53.3441;"Europe & Central Asia";"High income";1011000;70280;40054.641;222148757313.006;186119219961.214;4560155;2806411
"IRN";"Iran, Islamic Rep.";"Tehran";51.4447;35.6878;"Middle East & North Africa";"Upper middle income";15390000;1745150;573031.089;487069570463.768;487148670463.768;73762519;52095517
"IRQ";"Iraq";"Baghdad";44.394;33.3302;"Middle East & North Africa";"Upper middle income";4e+06;435240;112195.532;138516722649.573;140108122649.573;29741976;20552598
"ISL";"Iceland";"Reykjavik";-21.8952;64.1353;"Europe & Central Asia";"High income";123000;103000;1961.845;13683689802.2771;11120562233.1499;318041;297604
"ISR";"Israel";NA;35.2035;31.7717;"Middle East & North Africa";"High income";293600.006103516;22070;68880.928;233995676194.679;229654648560.1;7623600;7000447
"ITA";"Italy";"Rome";12.4823;41.8955;"Europe & Central Asia";"High income";7042000;301340;405361.181;2134017843247.16;2129496390595.89;59277417;40502481
"JAM";"Jamaica";"Kingston";-76.792;17.9927;"Latin America & Caribbean ";"Upper middle income";120000;10990;7297.33;13220556882.7046;12726016415.8718;2810460;1510426
"JOR";"Jordan";"Amman";35.9263;31.9497;"Middle East & North Africa";"Lower middle income";177600.006103516;89320;21180.592;26795901408.4507;26581253521.1268;7261539;6251314
"JPN";"Japan";"Tokyo";139.77;35.67;"East Asia & Pacific";"High income";4282000;377950;1171624.835;5700098114744.41;5847341432190.46;128070000;116302928
"KAZ";"Kazakhstan";"Astana";71.4382;51.1879;"Europe & Central Asia";"Upper middle income";28683800.78125;2724901.875;248549.26;148047348240.643;128676481286.689;16321872;9275230
"KEN";"Kenya";"Nairobi";36.8126;-1.27975;"Sub-Saharan Africa ";"Lower middle income";5500000;580370;12174.44;40000088346.8041;39852460837.1238;42030676;9907051
"KGZ";"Kyrgyz Republic";"Bishkek";74.6057;42.8851;"Europe & Central Asia";"Lower middle income";1276199.95117188;199949.00390625;6384.247;4794357795.07139;4489298355.46283;5447900;1923436
"KHM";"Cambodia";"Phnom Penh";104.874;11.5556;"East Asia & Pacific";"Lower middle income";3800000;181040;5012.789;11242275198.9783;10727606651.3343;14312212;2904520
"KIR";"Kiribati";"Tarawa";172.979;1.32905;"East Asia & Pacific";"Lower middle income";2000;810;62.339;156120895.248578;228607594.936709;102927;48777
"KNA";"St. Kitts and Nevis";"Basseterre";-62.7309;17.3;"Latin America & Caribbean ";"High income";4500;260;220.02;760170370.37037;730985888.888889;49016;15353
"KOR";"Korea, Rep.";"Seoul";126.957;37.5323;"East Asia & Pacific";"High income";1507000;100030;566716.515;1094499338702.72;1095599453662.05;49554112;40602657
"KWT";"Kuwait";"Kuwait City";47.9824;29.3721;"Middle East & North Africa";"High income";10000;17820;89625.147;115419050942.08;123881275296.581;2991884;2991884
"LAO";"Lao PDR";"Vientiane";102.177;18.5826;"East Asia & Pacific";"Lower middle income";1400000;236800;1639.149;7127792629.58294;6675875806.53202;6249165;1878749
"LBN";"Lebanon";"Beirut";35.5134;33.8872;"Middle East & North Africa";"Upper middle income";114000;10450;20047.489;38419626533.9967;37911136605.3731;4953061;4325706
"LBR";"Liberia";"Monrovia";-10.7957;6.30039;"Sub-Saharan Africa ";"Low income";480000;111370;792.072;1.998e+09;1818599900;3891356;1860574
"LBY";"Libya";"Tripoli";13.1072;32.8578;"Middle East & North Africa";"Upper middle income";1716000;1759540;61961.299;74773444900.5368;74744237448.6896;6197663;4837400
"LCA";"St. Lucia";"Castries";-60.9832;14;"Latin America & Caribbean ";"Upper middle income";3000;620;403.37;1399203481.48148;1359635962.96296;174085;32119
"LIE";"Liechtenstein";"Vaduz";9.52148;47.1411;"Europe & Central Asia";"High income";3299.99995231628;160;55.005;5082366478.08994;4285933454.78953;35994;5206
"LKA";"Sri Lanka";"Colombo";79.8528;6.92148;"South Asia";"Lower middle income";1200000;65610;13263.539;56725749221.9043;56108610571.8417;20261737;3692904
"LSO";"Lesotho";"Maseru";27.7167;-29.5208;"Sub-Saharan Africa ";"Lower middle income";322000;30360;2277.207;2394600945.38102;2999377701.57655;1995581;494864
"LTU";"Lithuania";"Vilnius";25.2799;54.6896;"Europe & Central Asia";"High income";2127399.90234375;65300;13468.891;37024718364.5516;36783308102.1299;3097282;2067653
"LUX";"Luxembourg";"Luxembourg";6.1296;49.61;"Europe & Central Asia";"High income";61950.0007629395;2590;10967.997;53212476812.2957;38380496318.3042;506953;448892
"LVA";"Latvia";"Riga";24.1048;56.9465;"Europe & Central Asia";"High income";1173000;64510;8074.734;23796118300.8371;24036550343.3554;2097555;1423002
"MAC";"Macao SAR, China";NA;113.55;22.1667;"East Asia & Pacific";"High income";NA;29.7000002861023;1408.128;28123640998.7253;25080365399.5151;538219;538219
"MAF";"St. Martin (French part)";"Marigot";NA;NA;"Latin America & Caribbean ";"High income";NA;54.4;NA;NA;NA;37582;NA
"MAR";"Morocco";"Rabat";-6.8704;33.9905;"Middle East & North Africa";"Lower middle income";7729299.8046875;446550;55958.42;93216746661.5977;91932709214.4656;32343389;18764987
"MCO";"Monaco";"Monaco";7.41891;43.7325;"Europe & Central Asia";"High income";NA;2;NA;5362649006.62252;NA;35612;35612
"MDA";"Moldova";"Chisinau";28.8497;47.0167;"Europe & Central Asia";"Lower middle income";1813000;33850;4932.115;6974960426.21652;7480680426.5399;3562045;1518144
"MDG";"Madagascar";"Antananarivo";45.7167;-20.4667;"Sub-Saharan Africa ";"Low income";3500000;587040;1958.178;9982711338.11813;9852279141.8455;21151640;6755411
"MDV";"Maldives";"Male";73.5109;4.1742;"South Asia";"Upper middle income";3900.00009536743;300;935.085;2588176054.6875;2276923140.625;365734;133252
"MEX";"Mexico";"Mexico City";-99.1276;19.427;"Latin America & Caribbean ";"Upper middle income";23507000;1964380;464308.206;1057801295584.05;1045220776511.55;114092963;88781439
"MHL";"Marshall Islands";"Majuro";171.135;7.11046;"East Asia & Pacific";"Upper middle income";2000;180;102.676;162164700;198050300;56366;41467
"MKD";"Macedonia, FYR";"Skopje";21.4361;42.0024;"Europe & Central Asia";"Upper middle income";414000;25710;8602.782;9407168702.4313;9276084673.89761;2070741;1182165
"MLI";"Mali";"Bamako";-7.50034;13.5667;"Sub-Saharan Africa ";"Low income";6261000;1240190;964.421;10678749467.4697;10259757670.9599;15049353;5417617
"MLT";"Malta";"Valletta";14.5189;35.9042;"Middle East & North Africa";"High income";9079.99992370605;320;2559.566;8749171417.20801;8290430200.1856;414508;389936
"MMR";"Myanmar";"Naypyidaw";95.9562;21.914;"East Asia & Pacific";"Lower middle income";10811000;676590;12515.471;49540813342.4834;49528711971.0951;50600818;14616046
"MNE";"Montenegro";"Podgorica";19.2595;42.4602;"Europe & Central Asia";"Upper middle income";172000;13810;2581.568;4139192052.98013;4110399867.54967;619428;397301
"MNG";"Mongolia";"Ulaanbaatar";106.937;47.9129;"East Asia & Pacific";"Lower middle income";614000;1564120;13820.923;7189481824.07288;6609616683.64695;2719896;1837752
"MNP";"Northern Mariana Islands";"Saipan";145.765;15.1935;"East Asia & Pacific";"High income";1000;460;NA;7.99e+08;NA;53971;49086
"MOZ";"Mozambique";"Maputo";32.5713;-25.9664;"Sub-Saharan Africa ";"Low income";5650000;799380;2735.582;11087646867.9421;10746701973.7869;23531574;7490100
"MRT";"Mauritania";"Nouakchott";-15.9824;18.2367;"Sub-Saharan Africa ";"Lower middle income";450000;1030700;2236.87;4337794152.82681;4268887413.28191;3494195;1627876
"MUS";"Mauritius";"Port Louis";57.4977;-20.1605;"Sub-Saharan Africa ";"Upper middle income";80000;2040;3916.356;10003670690.3497;9912845467.18468;1250400;519604
"MWI";"Malawi";"Lilongwe";33.7703;-13.9899;"Sub-Saharan Africa ";"Low income";3700000;118480;1144.104;6959655570.89098;6851157459.09771;14539612;2260037
"MYS";"Malaysia";"Kuala Lumpur";101.684;3.12433;"East Asia & Pacific";"Upper middle income";854299.987792969;330800;218476.193;255016609232.871;246904163174.071;28208035;20002882
"NAM";"Namibia";"Windhoek";17.0931;-22.5648;"Sub-Saharan Africa ";"Upper middle income";8e+05;824290;3102.282;11282192605.0374;10849382546.5771;2118874;881791
"NCL";"New Caledonia";"Noum'ea";166.464;-22.2677;"East Asia & Pacific";"High income";6800.00019073486;18580;3542.322;NA;NA;249750;167587
"NER";"Niger";"Niamey";2.1073;13.514;"Sub-Saharan Africa ";"Low income";15100000;1267000;1173.44;5718664504.91341;5674648731.92173;16464025;2670629
"NGA";"Nigeria";"Abuja";7.48906;9.05804;"Sub-Saharan Africa ";"Lower middle income";3.3e+07;923770;91517.319;363359886203.409;343845536572.676;158503197;68917190
"NIC";"Nicaragua";"Managua";-86.2734;12.1475;"Latin America & Caribbean ";"Lower middle income";1531000;130370;4536.079;8758639096.47693;8508885420.7638;5824065;3314883
"NLD";"Netherlands";"Amsterdam";4.89095;52.3738;"Europe & Central Asia";"High income";1022599.97558594;41540;183052.973;846554894931.084;849039515211.05;16615394;14477657
"NOR";"Norway";"Oslo";10.7387;59.9138;"Europe & Central Asia";"High income";825599.975585938;385178.0078125;60105.797;428757038466.841;433708589549.152;4889252;3867496
"NPL";"Nepal";"Kathmandu";85.3157;27.6939;"South Asia";"Low income";2180000;147180;5056.793;16002656434.4746;16124973167.3285;27013212;4529575
"NRU";"Nauru";"Yaren District";166.920867;-0.5477;"East Asia & Pacific";"Upper middle income";NA;20;44.004;49235796.7057166;57345283.1850612;10005;10005
"NZL";"New Zealand";"Wellington";174.776;-41.2865;"East Asia & Pacific";"High income";499000;267710;31781.889;146583831538.331;139300334408.93;4350700;3748563
"OMN";"Oman";"Muscat";58.5874;23.6105;"Middle East & North Africa";"High income";34299.9992370605;309500;47417.977;58642392717.8153;55060347464.2393;3041434;2285972
"PAK";"Pakistan";"Islamabad";72.8;30.5167;"South Asia";"Lower middle income";29390000;796100;161395.671;177165635077.065;183913434657.121;179424641;62793242
"PAN";"Panama";"Panama City";-79.5188;8.99427;"Latin America & Caribbean ";"Upper middle income";568890.014648438;75420;9163.833;29440300000;26743600000;3642687;2372846
"PER";"Peru";"Lima";-77.0465;-12.0931;"Latin America & Caribbean ";"Upper middle income";4085000;1285220;57593.902;147528937028.778;136692860429.719;29027674;22185851
"PHL";"Philippines";"Manila";121.035;14.5515;"East Asia & Pacific";"Lower middle income";5300000;3e+05;84869.048;199590775190.258;240578672657.987;93966780;42597021
"PLW";"Palau";"Koror";134.479;7.34194;"East Asia & Pacific";"High income";1000;460;253.023;183498800;201635600;17955;13433
"PNG";"Papua New Guinea";"Port Moresby";147.194;-9.47357;"East Asia & Pacific";"Lower middle income";3e+05;462840;4763.433;14250755221.5077;13182430363.4507;7310507;951755
"POL";"Poland";"Warsaw";21.02;52.26;"Europe & Central Asia";"High income";10829000;312680;316264.082;479321460551.189;462196796338.673;38042794;23165018
"PRI";"Puerto Rico";"San Juan";-66;18.23;"Latin America & Caribbean ";"High income";56799.9992370605;8870;NA;98381300000;64294600000;3721525;3491721
"PRK";"Korea, Dem. People’s Rep.";"Pyongyang";125.754;39.0319;"East Asia & Pacific";"Low income";2400000;120540;66453.374;NA;NA;24548836;14821851
"PRT";"Portugal";"Lisbon";-9.13552;38.7072;"Europe & Central Asia";"High income";1147569.94628906;92210;48136.709;237880908317.652;230312193388.906;10573100;6403809
"PRY";"Paraguay";"Asuncion";-57.6362;-25.3005;"Latin America & Caribbean ";"Upper middle income";4145000;406751.9921875;5097.13;27215968615.5548;25922722149.3403;6248020;3702639
"PSE";"West Bank and Gaza";NA;NA;NA;"Middle East & North Africa";"Lower middle income";43700.0007629395;6020;2035.185;8913100000;9512200000;3786161;2807401
"PYF";"French Polynesia";"Papeete";-149.57;-17.535;"East Asia & Pacific";"High income";2500;4000;858.078;NA;NA;266455;160718
"QAT";"Qatar";"Doha";51.5082;25.2948;"Middle East & North Africa";"High income";13729.9995422363;11610;72507.591;125122306346.154;112178571428.571;1856327;1828501
"ROU";"Romania";"Bucharest";26.0979;44.4479;"Europe & Central Asia";"Upper middle income";9146000;238390;79412.552;166225180150.414;163689622518.015;20246871;10898688
"RUS";"Russian Federation";"Moscow";37.6176;55.7558;"Europe & Central Asia";"Upper middle income";1.19e+08;17098250;1670531.186;1524917468442.01;1477812938441.58;142849449;105261473
"RWA";"Rwanda";"Kigali";30.0587;-1.95325;"Sub-Saharan Africa ";"Low income";1123920.04394531;26340;590.387;5849863212.53084;5807342742.42713;10039338;1700061
"SAU";"Saudi Arabia";"Riyadh";46.6977;24.6748;"Middle East & North Africa";"High income";3180000;2149690;518491.798;528207200000;535251466666.667;27421461;22508632
"SDN";"Sudan";"Khartoum";32.5363;15.5932;"Sub-Saharan Africa ";"Lower middle income";NA;NA;15940.449;65634109236.7736;60506632350.3903;34545013;11430599
"SEN";"Senegal";"Dakar";-17.4734;14.7247;"Sub-Saharan Africa ";"Low income";3800000;196710;7744.704;16215069255.5883;16065092575.8717;12678148;5549606
"SGP";"Singapore";"Singapore";103.85;1.28941;"East Asia & Pacific";"High income";639.999985694885;711.999969482422;55643.058;239809387605.427;237218335166.85;5076732;5076732
"SLB";"Solomon Islands";"Honiara";159.949;-9.42676;"East Asia & Pacific";"Lower middle income";19000;28900;198.018;681151193.502387;496544088.288177;527861;105826
"SLE";"Sierra Leone";"Freetown";-13.2134;8.4821;"Sub-Saharan Africa ";"Low income";1580380.00488281;72300;726.066;2578026297.15912;2606465306.93455;6415634;2492859
"SLV";"El Salvador";"San Salvador";-89.2073;13.7034;"Latin America & Caribbean ";"Lower middle income";673000;21040;6457.587;1.8448e+10;1.791e+10;6183875;4047470
"SMR";"San Marino";"San Marino";12.4486;43.9322;"Europe & Central Asia";"High income";1000;60;NA;2139072847.68212;NA;31229;29899
"SOM";"Somalia";"Mogadishu";45.3254;2.07515;"Sub-Saharan Africa ";"Low income";1100000;637660;612.389;NA;NA;12043883;4734450
"SRB";"Serbia";"Belgrade";20.4656;44.8024;"Europe & Central Asia";"Upper middle income";2654300.04882813;88360;45954.844;41819468691.8251;40927618107.2934;7291436;4009779
"SSD";"South Sudan";"Juba";31.6;4.85;"Sub-Saharan Africa ";"Low income";NA;NA;NA;14602072425.3919;NA;9508364;1698194
"STP";"Sao Tome and Principe";"Sao Tome";6.6071;0.20618;"Sub-Saharan Africa ";"Lower middle income";8500;960;99.009;197454052.146072;198044426.300016;180371;117155
"SUR";"Suriname";"Paramaribo";-55.1679;5.8232;"Latin America & Caribbean ";"Upper middle income";55000;163820;2401.885;4368398047.64333;4264098054.92824;529131;351047
"SVK";"Slovak Republic";"Bratislava";17.1073;48.1484;"Europe & Central Asia";"High income";1392000;49037.001953125;36240.961;90183986821.6439;87493936388.6898;5391428;2948302
"SVN";"Slovenia";"Ljubljana";14.5044;46.0546;"Europe & Central Asia";"High income";184589.996337891;20270;15335.394;48161250935.0166;47523263224.8405;2048583;1078743
"SWE";"Sweden";"Stockholm";18.0645;59.3327;"Europe & Central Asia";"High income";2629000;450300;52023.729;495328620126.028;508797045309.941;9378126;7976659
"SWZ";"Swaziland";"Mbabane";31.4659;-26.5225;"Sub-Saharan Africa ";"Lower middle income";175000;17360;1037.761;4438778553.63533;4212627103.05346;1064837;239375
"SXM";"Sint Maarten (Dutch part)";"Philipsburg";NA;NA;"Latin America & Caribbean ";"High income";NA;34;NA;NA;NA;34056;34056
"SYC";"Seychelles";"Victoria";55.4466;-4.6309;"Sub-Saharan Africa ";"High income";899.999976158142;460;443.707;969936525.298729;915674770.877873;89770;47880
"SYR";"Syrian Arab Republic";"Damascus";36.3119;33.5146;"Middle East & North Africa";"Lower middle income";4687000;185180;61605.6;NA;NA;21362529;11877566
"TCA";"Turks and Caicos Islands";"Grand Turk";-71.141389;21.4602778;"Latin America & Caribbean ";"High income";1000;950;190.684;686787810;NA;32660;29468
"TCD";"Chad";"N'Djamena";15.0445;12.1048;"Sub-Saharan Africa ";"Low income";4500000;1284000;517.047;10657705536.4978;10302348837.1154;11952136;2627677
"TGO";"Togo";"Lome";1.2255;6.1228;"Sub-Saharan Africa ";"Low income";2460000;56790;2640.24;3426022205.75557;3402552512.02862;6421679;2410249
"THA";"Thailand";"Bangkok";100.521;13.7308;"East Asia & Pacific";"Upper middle income";15760000;513120;281926.294;341105009515.333;326815629763.584;67195028;29469051
"TJK";"Tajikistan";"Dushanbe";68.7864;38.5878;"Europe & Central Asia";"Lower middle income";747700.012207031;142550;2544.898;5642178579.58438;6969687051.83832;7527394;1996265
"TKM";"Turkmenistan";"Ashgabat";58.3794;37.9509;"Europe & Central Asia";"Upper middle income";1940000;488100;57289.541;22583157894.7368;20689157894.7368;5087213;2466840
"TLS";"Timor-Leste";"Dili";125.567;-8.56667;"East Asia & Pacific";"Lower middle income";150000;14870;234.688;3998961300;3337687598.71417;1093523;303256
"TON";"Tonga";"Nuku'alofa";-175.216;-21.136;"East Asia & Pacific";"Upper middle income";17000;750;117.344;369485198.817979;381421328.218155;103986;24321
"TTO";"Trinidad and Tobago";"Port-of-Spain";-61.4789;10.6596;"Latin America & Caribbean ";"High income";25000;5130;47935.024;22157948396.2042;21078448388.3617;1328147;717531
"TUN";"Tunisia";"Tunis";10.21;36.7899;"Middle East & North Africa";"Lower middle income";2823000;163610;27660.181;44050929160.2627;41983512644.963;10635244;7089135
"TUR";"Turkey";"Ankara";32.3606;39.7153;"Europe & Central Asia";"Upper middle income";21384000;785350;298002.422;771901768870.083;765386559327.895;72326988;51225589
"TUV";"Tuvalu";"Funafuti";179.089567;-8.6314877;"East Asia & Pacific";"Upper middle income";NA;30;7.334;31824701.2779469;50920622.801086;10530;5770
"TZA";"Tanzania";"Dodoma";35.7382;-6.17486;"Sub-Saharan Africa ";"Low income";11600000;947300;7106.646;32014249841.4151;31436649841.4438;44346525;12467582
"UGA";"Uganda";"Kampala";32.5729;0.314269;"Sub-Saharan Africa ";"Low income";6750000;241550;3920.023;20186496527.1256;19849118318.9968;32428167;6285552
"UKR";"Ukraine";"Kiev";30.5038;50.4536;"Europe & Central Asia";"Lower middle income";32477000;603550;304643.359;136013155905.036;134004155905.036;45870700;31465465
"URY";"Uruguay";"Montevideo";-56.0675;-34.8941;"Latin America & Caribbean ";"High income";2033000;176220;6387.914;40284481653.4343;38781974490.6353;3359275;3171626
"USA";"United States";"Washington D.C.";-77.032;38.8895;"North America";"High income";155926203.125;9831510;5395532.125;14992052727000;1.5126736e+13;309326085;249848865
"UZB";"Uzbekistan";"Tashkent";69.269;41.3052;"Europe & Central Asia";"Lower middle income";4350000;447400;104168.469;46679875793.5724;46799376855.8509;28562400;14554257
"VCT";"St. Vincent and the Grenadines";"Kingstown";-61.2653;13.2035;"Latin America & Caribbean ";"Upper middle income";5000;390;220.02;681225962.962963;668947037.037037;108255;53003
"VEN";"Venezuela, RB";"Caracas";-69.8371;9.08165;"Latin America & Caribbean ";"Upper middle income";2700000;912050;189070.52;393192354510.653;388341431499.169;28439940;25050752
"VGB";"British Virgin Islands";"Road Town";-64.623056;18.431389;"Latin America & Caribbean ";"High income";1000;150;172.349;NA;NA;27794;12456
"VIR";"Virgin Islands (U.S.)";"Charlotte Amalie";-64.8963;18.3358;"Latin America & Caribbean ";"High income";1000;350;NA;4.339e+09;NA;108358;102500
"VNM";"Vietnam";"Hanoi";105.825;21.0069;"East Asia & Pacific";"Lower middle income";6437399.90234375;330953.984375;142737.975;115931749697.241;111512775426.54;87967651;26757120
"VUT";"Vanuatu";"Port-Vila";168.321;-17.7404;"East Asia & Pacific";"Lower middle income";20000;12190;121.011;700804286.224354;675721146.721868;236211;57782
"WSM";"Samoa";"Apia";-171.752;-13.8314;"East Asia & Pacific";"Upper middle income";8000;2840;187.017;663161528.405016;643292113.951553;185949;37335
"XKX";"Kosovo";"Pristina";20.926;42.565;"Europe & Central Asia";"Lower middle income";NA;10887;NA;5830415894.03973;5919188540.05135;1775680;NA
"YEM";"Yemen, Rep.";"Sana'a";44.2075;15.352;"Middle East & North Africa";"Lower middle income";1291000;527970;23432.13;30906749533.221;29087765768.4776;23154855;7357687
"ZAF";"South Africa";"Pretoria";28.1871;-25.746;"Sub-Saharan Africa ";"Upper middle income";12533000;1219090;474099.096;375349442837.24;367345427102.114;51216964;31866171
"ZMB";"Zambia";"Lusaka";28.2937;-15.3982;"Sub-Saharan Africa ";"Lower middle income";3400000;752610;2691.578;20265556273.582;18902544203.7898;13605984;5354635
"ZWE";"Zimbabwe";"Harare";31.0672;-17.8312;"Sub-Saharan Africa ";"Low income";4e+06;390760;7777.707;12041655200;10614338700;12697723;4215136
