{"chunk_definitions":[{"row":10,"row_count":1,"visible":true,"expansion_state":0,"options":{"engine":"r","label":"setup","include":false},"document_id":"FC35DFB1","chunk_id":"csetup_chunk","chunk_label":"setup"},{"row":24,"row_count":1,"visible":true,"expansion_state":0,"options":{"engine":"r","out.width":"300px","label":"unnamed-chunk-5"},"document_id":"FC35DFB1","chunk_id":"c6rqqykobgijf","chunk_label":"unnamed-chunk-1"},{"row":60,"row_count":1,"visible":true,"expansion_state":0,"options":{"engine":"r","label":"unnamed-chunk-27"},"document_id":"FC35DFB1","chunk_id":"cwh4elmjpdy06","chunk_label":"unnamed-chunk-2"},{"row":88,"row_count":1,"visible":true,"expansion_state":0,"options":{"engine":"r","echo":false,"label":"unnamed-chunk-28"},"document_id":"FC35DFB1","chunk_id":"cizlumg3tynzf","chunk_label":"unnamed-chunk-3"},{"row":127,"row_count":1,"visible":true,"expansion_state":0,"options":{"engine":"r","label":"unnamed-chunk-40"},"document_id":"FC35DFB1","chunk_id":"c1rl74od2hf13","chunk_label":"unnamed-chunk-4"}],"doc_write_time":1727110133,"working_dir":null,"default_chunk_options":{"echo":false,"warning":false,"message":false},"chunk_rendered_width":700}