{"chunk_definitions":[{"row":9,"row_count":1,"visible":true,"expansion_state":0,"options":{"engine":"r","label":"setup","include":false},"document_id":"C06F9FAD","chunk_id":"csetup_chunk","chunk_label":"setup"},{"row":37,"row_count":1,"visible":true,"expansion_state":0,"options":{"engine":"r","label":"unnamed-chunk-3"},"document_id":"C06F9FAD","chunk_id":"cxxwgx2fglj8q","chunk_label":"unnamed-chunk-1"},{"row":46,"row_count":1,"visible":true,"expansion_state":0,"options":{"engine":"r","label":"unnamed-chunk-8"},"document_id":"C06F9FAD","chunk_id":"czeick3pkcklb","chunk_label":"unnamed-chunk-2"},{"row":54,"row_count":1,"visible":true,"expansion_state":0,"options":{"engine":"r","label":"unnamed-chunk-5"},"document_id":"C06F9FAD","chunk_id":"cz0r5fx955fqc","chunk_label":"unnamed-chunk-3"},{"row":66,"row_count":1,"visible":true,"expansion_state":0,"options":{"engine":"r","label":"unnamed-chunk-7"},"document_id":"C06F9FAD","chunk_id":"czxhzkjk57s6z","chunk_label":"unnamed-chunk-4"},{"row":85,"row_count":1,"visible":true,"expansion_state":0,"options":{"engine":"r","label":"unnamed-chunk-67"},"document_id":"C06F9FAD","chunk_id":"c3x6l906hex3y","chunk_label":"unnamed-chunk-5"}],"doc_write_time":1644336962,"working_dir":null,"default_chunk_options":{"echo":true},"chunk_rendered_width":400}