{"chunk_definitions":[{"row":14,"row_count":1,"visible":true,"expansion_state":0,"options":{"engine":"r","label":"setup","include":false,"dev":"png"},"document_id":"8E2D8F71","chunk_id":"csetup_chunk","chunk_label":"setup"},{"row":36,"row_count":1,"visible":true,"expansion_state":0,"options":{"engine":"r","label":"unnamed-chunk-1","dev":"png"},"document_id":"8E2D8F71","chunk_id":"cwskd8kxuaw38","chunk_label":"unnamed-chunk-1"},{"row":69,"row_count":1,"visible":true,"expansion_state":0,"options":{"engine":"r","label":"unnamed-chunk-2","dev":"png"},"document_id":"8E2D8F71","chunk_id":"cfvf5w0ira5gl","chunk_label":"unnamed-chunk-2"},{"row":76,"row_count":1,"visible":true,"expansion_state":0,"options":{"engine":"r","label":"unnamed-chunk-3","dev":"png"},"document_id":"8E2D8F71","chunk_id":"cpel872qgp061","chunk_label":"unnamed-chunk-3"},{"row":84,"row_count":1,"visible":true,"expansion_state":0,"options":{"engine":"r","label":"unnamed-chunk-4","dev":"png"},"document_id":"8E2D8F71","chunk_id":"cng88hagj690c","chunk_label":"unnamed-chunk-4"},{"row":96,"row_count":1,"visible":true,"expansion_state":0,"options":{"engine":"r","label":"unnamed-chunk-5","dev":"png"},"document_id":"8E2D8F71","chunk_id":"cc2yowpx9a7fe","chunk_label":"unnamed-chunk-5"},{"row":120,"row_count":1,"visible":true,"expansion_state":0,"options":{"engine":"r","label":"unnamed-chunk-6","dev":"png"},"document_id":"8E2D8F71","chunk_id":"cjb9adpi7n9vt","chunk_label":"unnamed-chunk-6"},{"row":141,"row_count":1,"visible":true,"expansion_state":0,"options":{"engine":"r","label":"unnamed-chunk-7","dev":"png"},"document_id":"8E2D8F71","chunk_id":"c5luh28uzrz9j","chunk_label":"unnamed-chunk-7"},{"row":163,"row_count":1,"visible":true,"expansion_state":0,"options":{"engine":"r","label":"unnamed-chunk-8","dev":"png"},"document_id":"8E2D8F71","chunk_id":"c4fytmrereb63","chunk_label":"unnamed-chunk-8"},{"row":184,"row_count":1,"visible":true,"expansion_state":0,"options":{"engine":"r","label":"unnamed-chunk-9","dev":"png"},"document_id":"8E2D8F71","chunk_id":"crfsxd37d9k5h","chunk_label":"unnamed-chunk-9"},{"row":219,"row_count":1,"visible":true,"expansion_state":0,"options":{"engine":"r","label":"unnamed-chunk-10","dev":"png"},"document_id":"8E2D8F71","chunk_id":"cs7lcdi0k0ubr","chunk_label":"unnamed-chunk-10"},{"row":252,"row_count":1,"visible":true,"expansion_state":0,"options":{"engine":"r","label":"unnamed-chunk-11","dev":"png"},"document_id":"8E2D8F71","chunk_id":"cv9i72ub6ifln","chunk_label":"unnamed-chunk-11"},{"row":288,"row_count":1,"visible":true,"expansion_state":0,"options":{"engine":"r","label":"unnamed-chunk-12","dev":"png"},"document_id":"8E2D8F71","chunk_id":"czqcmfhjnd982","chunk_label":"unnamed-chunk-12"},{"row":320,"row_count":1,"visible":true,"expansion_state":0,"options":{"engine":"r","label":"unnamed-chunk-13","dev":"png"},"document_id":"8E2D8F71","chunk_id":"c4x2f0kivjev7","chunk_label":"unnamed-chunk-13"}],"doc_write_time":1702299677,"working_dir":null,"default_chunk_options":{"echo":true}}