"0",""
"0",""
"0","# Importation du tableau"
"0","don <- read.table(file = ""data/select.csv"","
"0","                  header= TRUE,"
"0","                  sep ="","")"
"0",""
"0",""
"0","# Sélection du sport "
"0","sel <- don[don$Sport==""Archery"",]"
"0",""
"0",""
"0","boxplot(Height~Sex, "
"0","        data=sel,"
"0","        horizontal=T, "
"0","        col=c(""lightblue"",""pink""), "
"0","        xlab=""Size"", "
"0","        ylab=""Sex"","
"0","        main=""Sex and Size of Arches (1992-2016)"","
"0","        sub = ""Source : Kaggle, 120-years-of-olympic-history-athletes-and-results"")"
