"0",""
"0",""
"0","# Test"
"0","mod<-chisq.test(tab)"
"0","mod"
"1","
"
"1","	Pearson's Chi-squared test"
"1","
"
"1","
"
"1","data:  "
"1",""
"1","tab"
"1",""
"1","
"
"1","X-squared = 85.02, df = 2, p-value < 2.2e-16"
"1","
"
"1","
"
"0","# Graphique"
"0","note<-paste(""Chi2 = "",round(mod$statistic,2),"
"0","            "", d.l. = "",mod$parameter,"
"0","            "", p = "",round(mod$p.value,4))"
"0","plot(tab,"
"0","     col=c(""red"",""blue""),"
"0","     main=""Opinion et sexe en 1995-98"","
"0","     sub=note)"
"0",""
