{"chunk_definitions":[{"row":13,"row_count":1,"visible":true,"expansion_state":0,"options":{"engine":"r","label":"setup","include":false},"document_id":"4F4D5494","chunk_id":"csetup_chunk","chunk_label":"setup"},{"row":30,"row_count":1,"visible":true,"expansion_state":0,"options":{"engine":"r","label":"unnamed-chunk-4"},"document_id":"4F4D5494","chunk_id":"chi8v8yzq99z6","chunk_label":"unnamed-chunk-1"},{"row":70,"row_count":1,"visible":true,"expansion_state":0,"options":{"engine":"r","label":"unnamed-chunk-5"},"document_id":"4F4D5494","chunk_id":"cusknaodg5lyg","chunk_label":"unnamed-chunk-2"},{"row":78,"row_count":1,"visible":true,"expansion_state":0,"options":{"engine":"r","label":"unnamed-chunk-6"},"document_id":"4F4D5494","chunk_id":"c9ctlhlqy2xvi","chunk_label":"unnamed-chunk-3"},{"row":90,"row_count":1,"visible":true,"expansion_state":0,"options":{"engine":"r","label":"unnamed-chunk-8"},"document_id":"4F4D5494","chunk_id":"cf8zty8kfs4nm","chunk_label":"unnamed-chunk-4"},{"row":100,"row_count":1,"visible":true,"expansion_state":0,"options":{"engine":"r","label":"unnamed-chunk-9"},"document_id":"4F4D5494","chunk_id":"ctd0pb4dfrpu9","chunk_label":"unnamed-chunk-5"}],"doc_write_time":1701688850,"working_dir":null,"default_chunk_options":{"echo":true}}