"0","# Charge la base de données"
"0","base <- read.table(""data/select.csv"","
"0","                   header = T,"
"0","                   sep="","","
"0","                   encoding = ""UTF-8"")"
"0",""
"0","# Selectionne les lignes"
"0","don<-base[base$Event ==""Archery Individual"",]"
"0",""
"0","# Selectionne les colonnes"
"0","don <- don[,c(""Name"",""Sex"",""Age"", ""Height"",""Weight"",""Year"",""NOC"",""Medal"")]"
"0",""
"0","# Recode Sex en factor"
"0","don$Sex<-as.factor(don$Sex)"
"0","levels(don$Sex) <- c(""Femme"",""Homme"")"
"0",""
"0","# Recode NOC en factor"
"0","don$NOC<-as.factor(don$NOC)"
"0","don$Medal<-as.factor(don$Medal)"
"0",""
"0","# Recode Medal en factor et réordonne les niveaux"
"0","levels(don$Medal)<-c(""3.Bronze"",""1.Or"",""2.Argent"")"
"0","don$Medal<-as.factor(as.character(don$Medal))"
"0",""
"0","# Change les noms des variables (tout en minuscule)"
"0","names(don) <- c(""nom"",""sex"", ""age"", ""taille"", ""poids"", ""annee"", ""pays"", ""titre"")"
"0",""
"0","# Sauvegarde le tableau au format texte (pour ajouter de nouvelles informations)"
"0","write.table(don,""data/arc_1992_2016.csv"","
"0","            row.names = F,"
"0","            sep="";"","
"0","            fileEncoding = ""UTF-8"")"
"0",""
"0","# Sauvegarde le tableau au format .RDS"
"0","saveRDS(don, ""data/arc_1992_2016.RDS"")"
"0",""
