"0","# Chargement des données"
"0","base <- read.table(""data/arc_1992_2024.csv"","
"0","                   header = T,"
"0","                   sep="";"","
"0","                   encoding = ""UTF-8"")"
"0",""
"0","boxplot(taille~sex, "
"0","        data=base,"
"0","        horizontal=T, "
"0","        col=c(""lightblue"",""pink""), "
"0","        xlab=""Taille en centimètres"", "
"0","        ylab=""Sexe"","
"0","        main=""Taille et sexe des médaillés olympique de tir à l'arc (1992-2024)"","
"0","        sub = ""Source : Kaggle, 120-years-of-olympic-history-athletes-and-results"")"
