"0",""
"0",""
"0","# Test"
"0","mod<-chisq.test(tab)"
"0","mod"
"1","
"
"1","	Pearson's Chi-squared test with Yates' continuity correction"
"1","
"
"1","
"
"1","data:  "
"1",""
"1","tab"
"1",""
"1","
"
"1","X-squared = 12.51, df = 1, p-value = 0.0004049"
"1","
"
"1","
"
"0","# Graphique"
"0","note<-paste(""Chi2 = "",round(mod$statistic,2),"
"0","            "", d.l. = "",mod$parameter,"
"0","            "", p = "",round(mod$p.value,4))"
"0","plot(tab,"
"0","     col=c(""red"",""blue""),"
"0","     main=""Evolution de l'opinion de la génération 1955-75"","
"0","     sub=note)"
"0",""
