"0","lprop(tab,total = T)"
"1","     "
"1"," Non  "
"1"," Oui  "
"1"," Total"
"1","
Femme"
"1","  33.4"
"1","  66.6"
"1"," 100.0"
"1","
Homme"
"1","  35.0"
"1","  65.0"
"1"," 100.0"
"1","
All  "
"1","  34.2"
"1","  65.8"
"1"," 100.0"
"1","
"
"0","# Test"
"0","mod<-chisq.test(tab)"
"0","mod"
"1","
"
"1","	Pearson's Chi-squared test with Yates' continuity correction"
"1","
"
"1","
"
"1","data:  "
"1",""
"1","tab"
"1",""
"1","
"
"1","X-squared = 0.44536, df = 1, p-value = 0.5045"
"1","
"
"1","
"
"0","# Graphique"
"0","note<-paste(""Chi2 = "",round(mod$statistic,2),"
"0","            "", d.l. = "",mod$parameter,"
"0","            "", p = "",round(mod$p.value,4))"
"0","plot(tab,"
"0","     col=c(""red"",""blue""),"
"0","     main=""Opinion et sexe en 1995-98"","
"0","     sub=note)"
"0",""
