{"chunk_definitions":[{"row":12,"row_count":1,"visible":true,"expansion_state":0,"options":{"engine":"r","label":"setup","include":false},"document_id":"B4217CD0","chunk_id":"csetup_chunk","chunk_label":"setup"},{"row":73,"row_count":1,"visible":true,"expansion_state":0,"options":{"engine":"r","label":"unnamed-chunk-1"},"document_id":"B4217CD0","chunk_id":"c12hmpjy5gkms","chunk_label":"unnamed-chunk-1"},{"row":93,"row_count":1,"visible":true,"expansion_state":0,"options":{"engine":"r","label":"unnamed-chunk-2"},"document_id":"B4217CD0","chunk_id":"cqsi0uo6thatb","chunk_label":"unnamed-chunk-2"},{"row":104,"row_count":1,"visible":true,"expansion_state":0,"options":{"engine":"r","label":"unnamed-chunk-3"},"document_id":"B4217CD0","chunk_id":"cuabthmzxihle","chunk_label":"unnamed-chunk-3"},{"row":115,"row_count":1,"visible":true,"expansion_state":0,"options":{"engine":"r","label":"unnamed-chunk-4"},"document_id":"B4217CD0","chunk_id":"c860f3gvb8cs2","chunk_label":"unnamed-chunk-4"},{"row":122,"row_count":1,"visible":true,"expansion_state":0,"options":{"engine":"r","label":"unnamed-chunk-5"},"document_id":"B4217CD0","chunk_id":"c4j94qkr01bjr","chunk_label":"unnamed-chunk-5"},{"row":142,"row_count":1,"visible":true,"expansion_state":0,"options":{"engine":"r","label":"unnamed-chunk-6"},"document_id":"B4217CD0","chunk_id":"cd6igs9j9do84","chunk_label":"unnamed-chunk-6"},{"row":153,"row_count":1,"visible":true,"expansion_state":0,"options":{},"document_id":"B4217CD0","chunk_id":"cw29m3udb3gv7","chunk_label":"unnamed-chunk-7"},{"row":163,"row_count":1,"visible":true,"expansion_state":0,"options":{},"document_id":"B4217CD0","chunk_id":"cqykif4auvwmc","chunk_label":"unnamed-chunk-8"},{"row":176,"row_count":1,"visible":true,"expansion_state":0,"options":{"engine":"r","label":"unnamed-chunk-9"},"document_id":"B4217CD0","chunk_id":"cn8lk5148qswd","chunk_label":"unnamed-chunk-9"},{"row":184,"row_count":1,"visible":true,"expansion_state":0,"options":{},"document_id":"B4217CD0","chunk_id":"cutkov4s6yv28","chunk_label":"unnamed-chunk-10"},{"row":192,"row_count":1,"visible":true,"expansion_state":0,"options":{"engine":"r","label":"unnamed-chunk-11"},"document_id":"B4217CD0","chunk_id":"cu0xbta4hmp8n","chunk_label":"unnamed-chunk-11"},{"row":232,"row_count":1,"visible":true,"expansion_state":0,"options":{"engine":"r","message":false,"warning":false,"label":"unnamed-chunk-64"},"document_id":"B4217CD0","chunk_id":"cjpm2t3kk3shc","chunk_label":"unnamed-chunk-12"},{"row":246,"row_count":1,"visible":true,"expansion_state":0,"options":{"engine":"r","label":"unnamed-chunk-61"},"document_id":"B4217CD0","chunk_id":"cpz2v8kjslqg5","chunk_label":"unnamed-chunk-13"}],"doc_write_time":1726584727,"working_dir":null,"default_chunk_options":{"echo":false}}