{"chunk_definitions":[{"row":35,"row_count":1,"visible":true,"expansion_state":0,"options":{"engine":"r","label":"setup","include":false},"document_id":"CCC74CBB","chunk_id":"csetup_chunk","chunk_label":"setup"},{"row":52,"row_count":1,"visible":true,"expansion_state":0,"options":{"engine":"r","label":"unnamed-chunk-6"},"document_id":"730C97B9","chunk_id":"cuv5bjv9m0fgg","chunk_label":"unnamed-chunk-1"}],"doc_write_time":1700566177,"working_dir":null,"default_chunk_options":{"echo":false},"chunk_rendered_width":581}