"0","# Packages de cartographie"
"0","library(sf,quietly=TRUE, verbose = FALSE)"
"0","library(mapsf)"
"0",""
"0","# Charge un fonds de carte"
"0","map<-readRDS(""map/world_map.RDS"")"
"0",""
"0","# Calcule le nombre de médailles par pays"
"0","tabmed<-table(don$pays)"
"0","donmed<-data.frame(ISO3=names(tabmed),nbmed=as.numeric(tabmed))"
"0",""
"0","# Ajoute ces données au fonds de carte"
"0","mapmed<-merge(map,donmed, by=""ISO3"")"
"0",""
"0","# Trace la carte du nombre de médailles par pays"
"0","mf_map(map,type=""base"", col=""lightyellow"")"
