"0","knitr::opts_chunk$set(echo = FALSE)"
"0","library(knitr)    # tableaux"
"0","library(ggplot2)  # graphiques"
"0","library(sf)       # cartographie (chargement)"
"0","library(tmap)     # cartographie (visualisation)"
"0",""
"0","# Chargement des données "
"0","base<-readRDS(""elect2024/elec2024_circ.RDS"")"
"0","base$urb3 <- cut(base$loc_urb, breaks=c(-1,50,90,101))"
"0","levels(base$urb3) <- c(""rural (<50%) "",""mixte (50-90%)"",""urbain (>90%)"")"
"0",""
"0","# Choix de Y quanti à expliquer"
"0","base$Y <- base$Bardella"
"0","nomY <- ""% de vote Bardella"""
"0",""
"0","# Choix de Q : qualitative"
"0","base$Q <-base$urb3"
"0","nomQ <- ""Typologie urbain-rural"""
"0",""
"0","# Choix de X : quantitative"
"0","base$X <-base$dip_supbac"
"0","nomX <- ""% actifs diplomés sup."""
"0",""
"0","# Choix de la variable de poids"
"0","base$W <- base$INS"
"0","nomW <- ""Nombre d'électeurs inscrits"""
"0",""
"0","# Choix de la région"
"0","myreg<- ""BRETAGNE"""
"0","nomreg<-""Bretagne"""
"0",""
"0","# Tableau simplifié France entière"
"0","fra<-base[,c(""ID"",""nom_reg"",""nom_dpt"",""INS"",""EXP"",""Y"",""Q"",""X"")]"
"0",""
"0","# Tableau simplifié région"
"0","reg<- base[base$nom_reg == myreg,c(""ID"",""nom_reg"",""nom_dpt"",""INS"",""EXP"",""Y"",""Q"",""X"")]"
"0",""
"0","# Carte France"
"0","mapfra<-st_read(""elect2024/map_circ.shp"")"
"1","Reading layer `"
"1","map_circ"
"1","' from data source "
"1","
"
"1","  "
"1","`"
"1","/Users/claudegrasland1/Desktop/exo9/elect2024/map_circ.shp"
"1","' "
"1","
"
"1","  "
"1","using driver `"
"1","ESRI Shapefile"
"1","'"
"1","
"
"1","Simple feature collection with 535 features and 6 fields"
"1","
"
"1","Geometry type: MULTIPOLYGON
"
"1","Dimension:     XY
"
"1","Bounding box:  "
"1","xmin: -5.115104 ymin: 42.33349 xmax: 8.197396 ymax: 51.0894"
"1","
"
"1","Geodetic CRS:  WGS 84
"
"0","mapfra<-merge(mapfra[,1], fra, by=""ID"" )"
"0",""
"0","# Carte région"
"0","mapreg<-mapfra[mapfra$nom_reg==""myreg"",]"
"0",""
"0",""
"0",""
