"0","knitr::opts_chunk$set(echo = FALSE, warning=F, message=F, tidy = F)"
"0","# Utilitaire"
"0","library(dplyr)"
"0",""
"0","# Bibliothèques graphiques"
"0","library(ggplot2)"
"0","library(car)"
"0","library(beanplot)"
"0",""
"0","# Bibliothèques tableaux"
"0","library(knitr)"
"0","library(gtsummary)"
"0","library(kableExtra)"
"0",""
"0","# Bibliothèques régression"
"0","library(stargazer)"
"0",""
"0",""
"0","# Chargement de la base de données"
"0","base<-readRDS(""data/DSTM1_2023_V2.RDS"")"
"0",""
"0","# Sélection de votre commune"
"0","don<-base[base$com_code ==94068,]"
"0",""
"0","# Tri par année"
"0","don<-don[order(don$ann),]"
"0",""
"0","# Affichage "
"0","head(don)"
