{"chunk_definitions":[{"row":10,"row_count":1,"visible":true,"expansion_state":0,"options":{"engine":"r","label":"setup","include":false},"document_id":"FC35DFB1","chunk_id":"csetup_chunk","chunk_label":"setup"},{"row":19,"row_count":1,"visible":true,"expansion_state":0,"options":{"engine":"r","out.width":"300px","label":"unnamed-chunk-5"},"document_id":"FC35DFB1","chunk_id":"c6rqqykobgijf","chunk_label":"unnamed-chunk-1"},{"row":49,"row_count":1,"visible":true,"expansion_state":0,"options":{"engine":"r","label":"unnamed-chunk-21"},"document_id":"FC35DFB1","chunk_id":"cwh4elmjpdy06","chunk_label":"unnamed-chunk-2"},{"row":79,"row_count":1,"visible":true,"expansion_state":0,"options":{"engine":"r","echo":false,"label":"unnamed-chunk-25"},"document_id":"FC35DFB1","chunk_id":"cie56g58z59ie","chunk_label":"unnamed-chunk-3"},{"row":101,"row_count":1,"visible":true,"expansion_state":0,"options":{"engine":"r","label":"unnamed-chunk-35"},"document_id":"FC35DFB1","chunk_id":"cizlumg3tynzf","chunk_label":"unnamed-chunk-4"},{"row":136,"row_count":1,"visible":true,"expansion_state":0,"options":{"engine":"r","label":"unnamed-chunk-80"},"document_id":"FC35DFB1","chunk_id":"c1rl74od2hf13","chunk_label":"unnamed-chunk-5"}],"doc_write_time":1727089410}