"0","# Chargement des données"
"0",""
"0","# Importation du tableau"
"0","don <- read.table(file = ""data/select.csv"","
"0","                  header= TRUE,"
"0","                  sep ="","")"
"0",""
"0",""
"0","# Sélection du sport "
"0","sel <- don[don$Sport==""Archery"",]"
"0",""
"0","# Calcule le nombre de médailles par pays"
"0","tabmed<-data.frame(table(sel$NOC))"
"0","tabmed$ISO3<-tabmed$Var1"
"0",""
"0",""
"0",""
"0","# Package de cartographie"
"0","library(sf)"
"0",""
"0","# Charge la carte des pays du Monde"
"0","world<-st_read(""map/world_map.shp"")"
"1","Reading layer `"
"1","world_map"
"1","' from data source "
"1","
"
"1","  "
"1","`"
"1","/Users/claudegrasland1/Desktop/exo2/map/world_map.shp"
"1","' "
"1","using driver `"
"1","ESRI Shapefile"
"1","'"
"1","
"
"1","Simple feature collection with 177 features and 4 fields"
"1","
"
"1","Geometry type: MULTIPOLYGON
"
"1","Dimension:     XY
"
"1","Bounding box:  "
"1","xmin: -15467690 ymin: -6192429 xmax: 16001560 ymax: 9310106"
"1","
"
"1","Projected CRS: World_Winkel_I
"
"0","# Sélectionne les pays ayant obtenu une médaille"
"0","worldmed<-merge(world, tabmed, by=""ISO3"")"
"0",""
"0",""
"0","# Cartographie"
"0","par(bg=""lightblue"", mar=c(0,0,3,0))"
"0","plot(world$geometry,col=""lightyellow"",main= ""Countries with medal in archery (1992-2016"")"
