{"chunk_definitions":[{"row":13,"row_count":1,"visible":true,"expansion_state":0,"options":{"engine":"r","label":"setup","include":false},"document_id":"B4217CD0","chunk_id":"csetup_chunk","chunk_label":"setup"},{"row":74,"row_count":1,"visible":true,"expansion_state":0,"options":{"engine":"r","label":"importation des données"},"document_id":"B4217CD0","chunk_id":"c12hmpjy5gkms","chunk_label":"unnamed-chunk-1"},{"row":94,"row_count":1,"visible":true,"expansion_state":0,"options":{"engine":"r","label":"unnamed-chunk-49"},"document_id":"B4217CD0","chunk_id":"cqsi0uo6thatb","chunk_label":"unnamed-chunk-2"},{"row":105,"row_count":1,"visible":true,"expansion_state":0,"options":{"engine":"r","label":"unnamed-chunk-50"},"document_id":"B4217CD0","chunk_id":"cuabthmzxihle","chunk_label":"unnamed-chunk-3"},{"row":116,"row_count":1,"visible":true,"expansion_state":0,"options":{"engine":"r","label":"unnamed-chunk-62"},"document_id":"B4217CD0","chunk_id":"c860f3gvb8cs2","chunk_label":"unnamed-chunk-4"},{"row":123,"row_count":1,"visible":true,"expansion_state":0,"options":{"engine":"r","label":"unnamed-chunk-52"},"document_id":"B4217CD0","chunk_id":"c4j94qkr01bjr","chunk_label":"unnamed-chunk-5"},{"row":143,"row_count":1,"visible":true,"expansion_state":0,"options":{"engine":"r","label":"unnamed-chunk-55"},"document_id":"B4217CD0","chunk_id":"cd6igs9j9do84","chunk_label":"unnamed-chunk-6"},{"row":177,"row_count":1,"visible":true,"expansion_state":0,"options":{"engine":"r","label":"unnamed-chunk-57"},"document_id":"B4217CD0","chunk_id":"cn8lk5148qswd","chunk_label":"unnamed-chunk-9"},{"row":193,"row_count":1,"visible":true,"expansion_state":0,"options":{"engine":"r","label":"unnamed-chunk-59"},"document_id":"B4217CD0","chunk_id":"cu0xbta4hmp8n","chunk_label":"unnamed-chunk-11"},{"row":218,"row_count":1,"visible":true,"expansion_state":0,"options":{"engine":"r","label":"unnamed-chunk-61"},"document_id":"B4217CD0","chunk_id":"cpz2v8kjslqg5","chunk_label":"unnamed-chunk-12"}],"doc_write_time":1726582139,"working_dir":null,"default_chunk_options":{"echo":false}}