"0","# Package knitr pour afficher de jolis tableaux"
"0","library(knitr)"
"0",""
"0","# Importation du tableau"
"0","don <- read.table(file = ""data/select.csv"","
"0","                  header= TRUE,"
"0","                  sep ="","")"
"0",""
"0",""
"0","# Sélection du sport "
"0","sel <- don[don$Sport==""Archery"",]"
"0",""
"0","# Selection des médailles d'or"
"0","sel <- sel[sel$Sex==""M"",]"
"0",""
"0","# Selection des femmes"
"0","sel <-sel[sel$Medal ==""Gold"",]"
"0",""
"0","# Selection des variables"
"0","sel<-sel[,c(""Name"",""Year"",""Team"",""Age"",""Height"",""Weight"")]"
"0",""
"0","# Tri par année"
"0","sel <- sel[order(sel$Year),]"
"0",""
"0","# Sélection des médailles d'or et des femmes"
"0",""
"0","knitr::kable(sel, row.names = FALSE, caption = ""Archery - Gold Medal -Men - 1992-2016"")"
