{"chunk_definitions":[{"row":9,"row_count":1,"visible":true,"expansion_state":0,"options":{"engine":"r","label":"setup","include":false},"document_id":"5E88AFD6","chunk_id":"csetup_chunk","chunk_label":"setup"},{"row":20,"row_count":1,"visible":true,"expansion_state":0,"options":{"engine":"r","label":"unnamed-chunk-3"},"document_id":"5E88AFD6","chunk_id":"ct0jhbvebj526","chunk_label":"unnamed-chunk-1"},{"row":31,"row_count":1,"visible":true,"expansion_state":0,"options":{"engine":"r","label":"cars","echo":true},"document_id":"5E88AFD6","chunk_id":"ccggf0xk3pv3r","chunk_label":"unnamed-chunk-2"}],"doc_write_time":1641918977,"working_dir":null,"default_chunk_options":{"echo":false},"chunk_rendered_width":639}