{"chunk_definitions":[{"row":11,"row_count":1,"visible":true,"expansion_state":0,"options":{"engine":"r","label":"setup","include":false},"document_id":"DF11D8C5","chunk_id":"csetup_chunk","chunk_label":"setup"},{"row":69,"row_count":1,"visible":true,"expansion_state":0,"options":{"engine":"r","label":"unnamed-chunk-94"},"document_id":"DF11D8C5","chunk_id":"c7tjyaltysrr2","chunk_label":"unnamed-chunk-1"},{"row":89,"row_count":1,"visible":true,"expansion_state":0,"options":{"engine":"r","label":"unnamed-chunk-95"},"document_id":"DF11D8C5","chunk_id":"chdxg94bnj99h","chunk_label":"unnamed-chunk-2"},{"row":100,"row_count":1,"visible":true,"expansion_state":0,"options":{"engine":"r","label":"unnamed-chunk-96"},"document_id":"DF11D8C5","chunk_id":"crjpnrofwybdj","chunk_label":"unnamed-chunk-3"},{"row":111,"row_count":1,"visible":true,"expansion_state":0,"options":{"engine":"r","label":"unnamed-chunk-97"},"document_id":"DF11D8C5","chunk_id":"cfurr3ag7tvs1","chunk_label":"unnamed-chunk-4"},{"row":118,"row_count":1,"visible":true,"expansion_state":0,"options":{"engine":"r","label":"unnamed-chunk-98"},"document_id":"DF11D8C5","chunk_id":"ck2e9ge03ydts","chunk_label":"unnamed-chunk-5"},{"row":138,"row_count":1,"visible":true,"expansion_state":0,"options":{"engine":"r","label":"unnamed-chunk-99"},"document_id":"DF11D8C5","chunk_id":"ckuiee261sdko","chunk_label":"unnamed-chunk-6"},{"row":149,"row_count":1,"visible":true,"expansion_state":0,"options":{},"document_id":"DF11D8C5","chunk_id":"c16uvgi0sfj0i","chunk_label":"unnamed-chunk-7"},{"row":159,"row_count":1,"visible":true,"expansion_state":0,"options":{},"document_id":"DF11D8C5","chunk_id":"c0aisxre85hyf","chunk_label":"unnamed-chunk-8"},{"row":172,"row_count":1,"visible":true,"expansion_state":0,"options":{"engine":"r","label":"unnamed-chunk-103"},"document_id":"DF11D8C5","chunk_id":"cujl6r0174c7j","chunk_label":"unnamed-chunk-9"},{"row":180,"row_count":1,"visible":true,"expansion_state":0,"options":{},"document_id":"DF11D8C5","chunk_id":"cggdt8tcgjha4","chunk_label":"unnamed-chunk-10"},{"row":188,"row_count":1,"visible":true,"expansion_state":0,"options":{"engine":"r","label":"unnamed-chunk-105"},"document_id":"DF11D8C5","chunk_id":"cfuf35ypguay2","chunk_label":"unnamed-chunk-11"},{"row":228,"row_count":1,"visible":true,"expansion_state":0,"options":{"engine":"r","message":false,"warning":false,"label":"unnamed-chunk-106"},"document_id":"DF11D8C5","chunk_id":"c04v9vg2i7pfl","chunk_label":"unnamed-chunk-12"}],"doc_write_time":1726584931,"working_dir":null,"default_chunk_options":{"echo":false},"chunk_rendered_width":700}