{"chunk_definitions":[{"row":9,"row_count":1,"visible":true,"expansion_state":0,"options":{"engine":"r","label":"setup","include":false},"document_id":"C06F9FAD","chunk_id":"csetup_chunk","chunk_label":"setup"},{"row":37,"row_count":1,"visible":true,"expansion_state":0,"options":{"engine":"r","label":"unnamed-chunk-1"},"document_id":"C06F9FAD","chunk_id":"cxxwgx2fglj8q","chunk_label":"unnamed-chunk-1"},{"row":46,"row_count":1,"visible":true,"expansion_state":0,"options":{"engine":"r","label":"unnamed-chunk-2"},"document_id":"C06F9FAD","chunk_id":"czeick3pkcklb","chunk_label":"unnamed-chunk-2"},{"row":54,"row_count":1,"visible":true,"expansion_state":0,"options":{"engine":"r","label":"unnamed-chunk-3"},"document_id":"C06F9FAD","chunk_id":"cz0r5fx955fqc","chunk_label":"unnamed-chunk-3"},{"row":66,"row_count":1,"visible":true,"expansion_state":0,"options":{"engine":"r","label":"unnamed-chunk-4"},"document_id":"C06F9FAD","chunk_id":"czxhzkjk57s6z","chunk_label":"unnamed-chunk-4"},{"row":78,"row_count":1,"visible":true,"expansion_state":0,"options":{"engine":"r","label":"unnamed-chunk-5"},"document_id":"C06F9FAD","chunk_id":"c3x6l906hex3y","chunk_label":"unnamed-chunk-5"},{"row":87,"row_count":1,"visible":true,"expansion_state":0,"options":{"engine":"r","label":"unnamed-chunk-6"},"document_id":"E2161C7C","chunk_id":"cce6njgvapfs7","chunk_label":"unnamed-chunk-6"},{"row":122,"row_count":1,"visible":true,"expansion_state":0,"options":{"engine":"r","label":"unnamed-chunk-8"},"document_id":"E2161C7C","chunk_id":"cj39amrq5rn6o","chunk_label":"unnamed-chunk-7"},{"row":130,"row_count":1,"visible":true,"expansion_state":0,"options":{"engine":"r","label":"unnamed-chunk-9"},"document_id":"E2161C7C","chunk_id":"cvs9cfq2zsggc","chunk_label":"unnamed-chunk-8"},{"row":139,"row_count":1,"visible":true,"expansion_state":0,"options":{"engine":"r","label":"unnamed-chunk-10"},"document_id":"E2161C7C","chunk_id":"cgx6axmndr1ys","chunk_label":"unnamed-chunk-9"},{"row":158,"row_count":1,"visible":true,"expansion_state":0,"options":{"engine":"r","label":"unnamed-chunk-16"},"document_id":"71EE63E6","chunk_id":"cg8l28m4jj0ie","chunk_label":"unnamed-chunk-10"},{"row":166,"row_count":1,"visible":true,"expansion_state":0,"options":{"engine":"r","label":"unnamed-chunk-17"},"document_id":"71EE63E6","chunk_id":"cn7fdjr8sq4mm","chunk_label":"unnamed-chunk-11"},{"row":173,"row_count":1,"visible":true,"expansion_state":0,"options":{"engine":"r","label":"unnamed-chunk-18"},"document_id":"71EE63E6","chunk_id":"cfdk3wb9dcjbd","chunk_label":"unnamed-chunk-12"}],"doc_write_time":1644352135,"chunk_rendered_width":607}