{"chunk_definitions":[{"row":54,"row_count":1,"visible":true,"expansion_state":0,"options":{"engine":"r","label":"setup","include":false,"dev":"png"},"document_id":"18BA2A18","chunk_id":"csetup_chunk","chunk_label":"setup"},{"row":87,"row_count":1,"visible":true,"expansion_state":0,"options":{"engine":"r","label":"unnamed-chunk-19","dev":"png"},"document_id":"18BA2A18","chunk_id":"c5jd9c1h3oqyr","chunk_label":"unnamed-chunk-1"},{"row":99,"row_count":1,"visible":true,"expansion_state":0,"options":{"engine":"r","label":"unnamed-chunk-20","dev":"png"},"document_id":"18BA2A18","chunk_id":"cayrcjzxe63gm","chunk_label":"unnamed-chunk-2"},{"row":111,"row_count":1,"visible":true,"expansion_state":0,"options":{"engine":"r","label":"unnamed-chunk-23","dev":"png"},"document_id":"18BA2A18","chunk_id":"cnxlritseja6j","chunk_label":"unnamed-chunk-3"},{"row":138,"row_count":1,"visible":true,"expansion_state":0,"options":{"engine":"r","label":"unnamed-chunk-29","dev":"png"},"document_id":"18BA2A18","chunk_id":"cbys8z4bcxhir","chunk_label":"unnamed-chunk-4"},{"row":144,"row_count":1,"visible":true,"expansion_state":0,"options":{"engine":"r","label":"unnamed-chunk-30","dev":"png"},"document_id":"18BA2A18","chunk_id":"cmurvo3oqjs8j","chunk_label":"unnamed-chunk-5"},{"row":154,"row_count":1,"visible":true,"expansion_state":0,"options":{"engine":"r","label":"unnamed-chunk-33","dev":"png"},"document_id":"18BA2A18","chunk_id":"cpt15uivypn27","chunk_label":"unnamed-chunk-6"},{"row":175,"row_count":1,"visible":true,"expansion_state":0,"options":{"engine":"r","label":"unnamed-chunk-48","dev":"png"},"document_id":"18BA2A18","chunk_id":"cue04t40dzjkd","chunk_label":"unnamed-chunk-7"},{"row":186,"row_count":1,"visible":true,"expansion_state":0,"options":{"engine":"r","label":"unnamed-chunk-35","dev":"png"},"document_id":"18BA2A18","chunk_id":"c5mfyqa0qip70","chunk_label":"unnamed-chunk-8"},{"row":199,"row_count":1,"visible":true,"expansion_state":0,"options":{"engine":"r","label":"unnamed-chunk-37","dev":"png"},"document_id":"18BA2A18","chunk_id":"cy91u76vc1qxs","chunk_label":"unnamed-chunk-10"},{"row":207,"row_count":1,"visible":true,"expansion_state":0,"options":{"engine":"r","label":"unnamed-chunk-38","dev":"png"},"document_id":"18BA2A18","chunk_id":"c9eopi9cq89ql","chunk_label":"unnamed-chunk-11"}],"doc_write_time":1733162216}